"Date","Open","High","Low","Close","Change","Change%","Volume('000 shares)"
"2020/05/19","6.21","6.32","6.2","6.24","-0.27999999999999936","-4.29","199124.29"
"2020/05/18","6.6","6.63","6.47","6.52","-0.3100000000000005","-4.54","206912.799"
"2020/05/15","6.78","6.93","6.75","6.83","-0.33999999999999986","-4.74","305110.036"
"2020/05/14","7.02","7.17","6.96","7.17","0.6399999999999997","9.80","444845.92"
"2020/05/13","6.74","6.8","6.51","6.53","0.4400000000000004","7.22","426056.072"
"2020/05/12","6.12","6.22","6.07","6.09","-0.14000000000000057","-2.25","268542.058"
"2020/05/11","6.17","6.23","6.13","6.23","-0.3899999999999997","-5.89","205498.318"
"2020/05/08","6.6","6.64","6.57","6.62","-0.3899999999999997","-5.56","245027.662"
"2020/05/07","7.09","7.1","6.96","7.01","0.009999999999999787","0.14","127546.566"
"2020/05/06","7.11","7.17","7","7","-0.16999999999999993","-2.37","234583.644"
"2020/05/05","7.17","7.2","7.11","7.17","-0.41000000000000014","-5.41","179551.25"
"2020/05/04","7.8","7.85","7.53","7.58","1.0999999999999996","16.98","433680.431"
"2020/04/30","6.62","6.64","6.46","6.48","-0.3699999999999992","-5.40","238209"
"2020/04/29","6.96","6.98","6.84","6.85","-0.1900000000000004","-2.70","237053.484"
"2020/04/28","6.99","7.14","6.97","7.04","-0.2999999999999998","-4.09","218514.801"
"2020/04/27","7.51","7.59","7.33","7.34","-0.8399999999999999","-10.27","285394.131"
"2020/04/24","8.21","8.23","8.1","8.18","0.17999999999999972","2.25","197196.748"
"2020/04/23","8","8.16","7.91","8","-0.35999999999999943","-4.31","273869.979"
"2020/04/22","8.49","8.59","8.36","8.36","0.35999999999999943","4.50","454426.734"
"2020/04/21","7.69","8.07","7.55","8","0.8700000000000001","12.20","492709.299"
"2020/04/20","7.1","7.25","7.09","7.13","0.08000000000000007","1.13","167431.865"
"2020/04/17","6.96","7.15","6.96","7.05","-0.3700000000000001","-4.99","210202.2"
"2020/04/16","7.53","7.56","7.41","7.42","0.6699999999999999","9.93","275178.036"
"2020/04/15","6.81","6.83","6.73","6.75","-0.2599999999999998","-3.71","229673.626"
"2020/04/14","7.39","7.41","6.99","7.01","-0.6600000000000001","-8.60","342145.358"
"2020/04/13","7.75","7.76","7.6","7.67","0.08999999999999986","1.19","145161.922"
"2020/04/10","7.63","7.71","7.52","7.58","-0.25","-3.19","159939.879"
"2020/04/09","7.75","7.88","7.7","7.83","0.03000000000000025","0.38","200279.134"
"2020/04/08","8.12","8.17","7.74","7.8","0.10999999999999943","1.43","305195.688"
"2020/04/07","7.63","7.76","7.55","7.69","0.10000000000000053","1.32","313136.689"
"2020/04/06","7.91","8.08","7.58","7.59","-1.1600000000000001","-13.26","544916.033"
"2020/04/01","8.66","8.83","8.65","8.75","-0.1899999999999995","-2.13","381679.808"
"2020/03/31","8.76","9.11","8.64","8.94","0","0.00","413448.98"
"2020/03/30","9.64","9.9","8.92","8.94","-0.16000000000000014","-1.76","706803.019"
"2020/03/27","8.47","9.14","8.46","9.1","-0.33000000000000007","-3.50","494282.247"
"2020/03/26","9.16","9.59","9.09","9.43","1.0600000000000005","12.66","497312.952"
"2020/03/25","8.22","8.61","7.93","8.37","0.33999999999999986","4.23","508017.535"
"2020/03/24","8.38","8.39","7.87","8.03","-3.9700000000000006","-33.08","700597.48"
"2020/03/23","12.65","13","11.5","12","0.8200000000000003","7.33","741423.182"
"2020/03/20","12.01","12.19","11.17","11.18","-3.0199999999999996","-21.27","711184.112"
"2020/03/19","12.44","14.29","12.34","14.2","2.8999999999999986","25.66","982552.187"
"2020/03/18","10.32","11.3","10.28","11.3","1.8800000000000008","19.96","869273.587"
"2020/03/17","10","10.08","8.87","9.42","0.15000000000000036","1.62","901345.638"
"2020/03/16","8.98","9.28","8.79","9.27","1.0399999999999991","12.64","606013.616"
"2020/03/13","8.8","9.19","8.01","8.23","0.5800000000000001","7.58","1156237.833"
"2020/03/12","6.95","8","6.94","7.65","0.9400000000000004","14.01","929322.571"
"2020/03/11","6.48","6.72","6.34","6.71","1.0700000000000003","18.97","569120.347"
"2020/03/10","6.2","6.2","5.62","5.64","-1.0700000000000003","-15.95","757832.181"
"2020/03/09","6.33","6.91","6.27","6.71","1.5199999999999996","29.29","699364.619"
"2020/03/06","4.79","5.19","4.79","5.19","0.8000000000000007","18.22","490270.58"
"2020/03/05","4.31","4.41","4.28","4.39","0.0699999999999994","1.62","214536.803"
"2020/03/04","4.37","4.44","4.31","4.32","0.1800000000000006","4.35","306298.25"
"2020/03/03","3.93","4.14","3.93","4.14","0.08000000000000007","1.97","316298.194"
"2020/03/02","4.34","4.35","4","4.06","0.37999999999999945","10.33","551360.675"
"2020/02/27","3.55","3.72","3.53","3.68","0.2400000000000002","6.98","458701.268"
"2020/02/26","3.48","3.53","3.38","3.44","0.3900000000000001","12.79","445418.602"
"2020/02/25","3.11","3.12","3.05","3.05","0.07999999999999963","2.69","473422.416"
"2020/02/24","2.95","3.02","2.94","2.97","0.30000000000000027","11.24","404969.437"
"2020/02/21","2.62","2.67","2.61","2.67","0.1200000000000001","4.71","224987.015"
"2020/02/20","2.47","2.55","2.47","2.55","0.040000000000000036","1.59","88082.599"
"2020/02/19","2.53","2.55","2.5","2.51","-0.040000000000000036","-1.57","105475.401"
"2020/02/18","2.51","2.55","2.49","2.55","0.07999999999999963","3.24","113650.5"
"2020/02/17","2.51","2.52","2.47","2.47","-0.03999999999999959","-1.59","78928.91"
"2020/02/14","2.55","2.55","2.5","2.51","-0.040000000000000036","-1.57","93300.985"
"2020/02/13","2.54","2.56","2.51","2.55","-0.03000000000000025","-1.16","141875.153"
"2020/02/12","2.6","2.61","2.57","2.58","0","0.00","69545.4"
"2020/02/11","2.6","2.62","2.57","2.58","-0.08000000000000007","-3.01","118366"
"2020/02/10","2.73","2.74","2.64","2.66","-0.020000000000000018","-0.75","133155.5"
"2020/02/07","2.65","2.68","2.64","2.68","0.0900000000000003","3.47","119176.41"
"2020/02/06","2.66","2.66","2.58","2.59","-0.20000000000000018","-7.17","189585"
"2020/02/05","2.78","2.82","2.77","2.79","-0.06000000000000005","-2.11","138214.999"
"2020/02/04","2.91","2.92","2.84","2.85","-0.029999999999999805","-1.04","167676.053"
"2020/02/03","2.97","2.99","2.88","2.88","0.1599999999999997","5.88","382608.199"
"2020/01/31","2.73","2.74","2.66","2.72","-0.1599999999999997","-5.56","178207.581"
"2020/01/30","2.75","2.89","2.75","2.88","0.4299999999999997","17.55","383298.098"
"2020/01/20","2.44","2.46","2.44","2.45","-0.009999999999999787","-0.41","124120.545"
"2020/01/17","2.46","2.47","2.44","2.46","-0.06999999999999984","-2.77","277210.2"
"2020/01/16","2.57","2.58","2.52","2.53","-0.11000000000000032","-4.17","131599.7"
"2020/01/15","2.57","2.65","2.56","2.64","0.06000000000000005","2.33","157110.001"
"2020/01/14","2.59","2.59","2.55","2.58","-0.06999999999999984","-2.64","144380.76"
"2020/01/13","2.7","2.7","2.65","2.65","-0.050000000000000266","-1.85","95697.45"
"2020/01/10","2.73","2.73","2.7","2.7","-0.10999999999999988","-3.91","141675.72"
"2020/01/09","2.82","2.84","2.79","2.81","-0.19999999999999973","-6.64","171560.515"
"2020/01/08","3.11","3.14","2.96","3.01","0.1299999999999999","4.51","392654.071"
"2020/01/07","2.9","2.92","2.87","2.88","-0.1200000000000001","-4.00","122240.4"
"2020/01/06","3","3.03","2.96","3","0.06999999999999984","2.39","182912.926"
"2020/01/03","2.72","2.95","2.72","2.93","0.11000000000000032","3.90","176995.168"
"2020/01/02","2.83","2.85","2.81","2.82","-0.15000000000000036","-5.05","95778.499"
"2019/12/31","2.98","2.98","2.94","2.97","0.10000000000000009","3.48","93931"
"2019/12/30","2.85","2.87","2.83","2.87","0.08000000000000007","2.87","54989.513"
"2019/12/27","2.79","2.8","2.78","2.79","-0.009999999999999787","-0.36","45382"
"2019/12/26","2.81","2.82","2.79","2.8","0","0.00","59816.5"
"2019/12/25","2.88","2.88","2.79","2.8","-0.0900000000000003","-3.11","81448.945"
"2019/12/24","2.87","2.89","2.87","2.89","0.020000000000000018","0.70","29575.55"
"2019/12/23","2.86","2.88","2.85","2.87","-0.020000000000000018","-0.69","53883.232"
"2019/12/20","2.89","2.91","2.88","2.89","-0.08000000000000007","-2.69","72275.463"
"2019/12/19","2.9","2.97","2.89","2.97","0.050000000000000266","1.71","90548.311"
"2019/12/18","2.87","2.93","2.87","2.92","0.040000000000000036","1.39","94227.5"
"2019/12/17","2.92","2.92","2.87","2.88","-0.0900000000000003","-3.03","188560.851"
"2019/12/16","3.03","3.04","2.97","2.97","-0.16999999999999993","-5.41","193502.945"
"2019/12/13","3.13","3.16","3.12","3.14","-0.1599999999999997","-4.85","158403.7"
"2019/12/12","3.31","3.31","3.28","3.3","-0.07000000000000028","-2.08","61431"
"2019/12/11","3.37","3.39","3.36","3.37","0","0.00","35792.35"
"2019/12/10","3.39","3.4","3.37","3.37","0.10000000000000009","3.06","59809.3"
"2019/12/09","3.23","3.27","3.23","3.27","-0.08000000000000007","-2.39","58032.9"
"2019/12/06","3.32","3.36","3.31","3.35","-0.040000000000000036","-1.18","45717.6"
"2019/12/05","3.4","3.4","3.36","3.39","-0.13999999999999968","-3.97","82093.3"
"2019/12/04","3.49","3.55","3.49","3.53","0.17999999999999972","5.37","170609.744"
"2019/12/03","3.37","3.37","3.32","3.35","0.20999999999999996","6.69","195700.05"
"2019/12/02","3.18","3.2","3.13","3.14","-0.11999999999999966","-3.68","100103.582"
"2019/11/29","3.17","3.26","3.15","3.26","0.04999999999999982","1.56","116530.075"
"2019/11/28","3.19","3.22","3.12","3.21","0.06999999999999984","2.23","191704.367"
"2019/11/27","3.31","3.32","3.13","3.14","-0.22999999999999998","-6.82","384622.786"
"2019/11/26","3.36","3.38","3.3","3.37","-0.16999999999999993","-4.80","196287.1"
"2019/11/25","3.56","3.56","3.51","3.54","-0.1499999999999999","-4.07","87586.623"
"2019/11/22","3.68","3.71","3.63","3.69","0.04999999999999982","1.37","82380.1"
"2019/11/21","3.72","3.77","3.61","3.64","-0.029999999999999805","-0.82","74207.999"
"2019/11/20","3.44","3.72","3.44","3.67","0.18999999999999995","5.46","90491.5"
"2019/11/19","3.98","3.98","3.39","3.48","-0.6199999999999997","-15.12","396526.265"
"2019/11/18","4.43","4.44","3.85","4.1","-0.41999999999999993","-9.29","193700.999"
"2019/11/15","4.58","4.58","4.51","4.52","-0.10000000000000053","-2.16","57557.2"
"2019/11/14","4.65","4.65","4.61","4.62","-0.03000000000000025","-0.65","17000"
"2019/11/13","4.61","4.65","4.61","4.65","0.040000000000000036","0.87","14980.25"
"2019/11/12","4.66","4.66","4.61","4.61","-0.05999999999999961","-1.28","22409"
"2019/11/11","4.65","4.69","4.6","4.67","0.03000000000000025","0.65","22414.035"
"2019/11/08","4.63","4.66","4.63","4.64","-0.07000000000000028","-1.49","31341.5"
"2019/11/07","4.71","4.73","4.69","4.71","-0.009999999999999787","-0.21","16485.7"
"2019/11/06","4.66","4.72","4.66","4.72","0.08999999999999986","1.94","27928"
"2019/11/05","4.63","4.67","4.62","4.63","-0.020000000000000462","-0.43","21296.957"
"2019/11/04","4.65","4.68","4.62","4.65","-0.04999999999999982","-1.06","29820.999"
"2019/11/01","4.74","4.75","4.69","4.7","-0.040000000000000036","-0.84","24748.369"
"2019/10/31","4.68","4.74","4.66","4.74","0.009999999999999787","0.21","20616.203"
"2019/10/30","4.7","4.76","4.69","4.73","0.040000000000000036","0.85","32539.3"
"2019/10/29","4.63","4.72","4.61","4.69","0.0600000000000005","1.30","25231.301"
"2019/10/28","4.6","4.64","4.59","4.63","-0.04999999999999982","-1.07","46610.7"
"2019/10/25","4.67","4.7","4.51","4.68","-0.0600000000000005","-1.27","52055.044"
"2019/10/24","4.74","4.75","4.73","4.74","-0.04999999999999982","-1.04","74695.877"
"2019/10/23","4.75","4.8","4.74","4.79","0.07000000000000028","1.48","69241.15"
"2019/10/22","4.74","4.74","4.71","4.72","-0.07000000000000028","-1.46","128200.334"
"2019/10/21","4.8","4.8","4.78","4.79","-0.019999999999999574","-0.42","61368.656"
"2019/10/18","4.8","4.81","4.79","4.81","0.019999999999999574","0.42","68560.969"
"2019/10/17","4.82","4.82","4.78","4.79","-0.03000000000000025","-0.62","120589.05"
"2019/10/16","4.77","4.83","4.77","4.82","0.010000000000000675","0.21","123713.037"
"2019/10/15","4.81","4.81","4.79","4.81","-0.040000000000000036","-0.82","191124.675"
"2019/10/14","4.85","4.87","4.83","4.85","-0.3200000000000003","-6.19","361450.453"
"2019/10/09","5.12","5.17","5.11","5.17","0.20999999999999996","4.23","238935.313"
"2019/10/08","5","5","4.95","4.96","-0.04999999999999982","-1.00","85944.301"
"2019/10/07","5.07","5.07","5","5.01","-0.10000000000000053","-1.96","123347.996"
"2019/10/04","5.12","5.16","5.1","5.11","-0.08999999999999986","-1.73","100903.622"
"2019/10/03","5.2","5.21","5.16","5.2","0.20000000000000018","4.00","410833.5"
"2019/10/02","4.99","5.03","4.97","5","0.1299999999999999","2.67","164899.199"
"2019/10/01","4.9","4.9","4.86","4.87","-0.08999999999999986","-1.81","66831.31"
"2019/09/27","4.98","4.98","4.95","4.96","0","0.00","75116.4"
"2019/09/26","4.9","4.97","4.89","4.96","0","0.00","54902.999"
"2019/09/25","4.95","4.97","4.93","4.96","0.1200000000000001","2.48","120837.05"
"2019/09/24","4.84","4.85","4.83","4.84","-0.009999999999999787","-0.21","51234.223"
"2019/09/23","4.86","4.87","4.84","4.85","0.02999999999999936","0.62","72564.506"
"2019/09/20","4.85","4.85","4.82","4.82","-0.02999999999999936","-0.62","91441.347"
"2019/09/19","4.84","4.86","4.8","4.85","-0.040000000000000036","-0.82","149515.089"
"2019/09/18","4.89","4.89","4.87","4.89","-0.010000000000000675","-0.20","78565"
"2019/09/17","4.88","4.91","4.87","4.9","0.020000000000000462","0.41","91917.302"
"2019/09/16","4.87","4.92","4.87","4.88","0.009999999999999787","0.21","135868.768"
"2019/09/12","4.86","4.88","4.84","4.87","-0.07000000000000028","-1.42","180750.899"
"2019/09/11","4.96","4.99","4.93","4.94","-0.05999999999999961","-1.20","186508.471"
"2019/09/10","4.95","5.02","4.94","5","0.040000000000000036","0.81","156327.895"
"2019/09/09","4.95","4.99","4.93","4.96","-0.13999999999999968","-2.75","224604.393"
"2019/09/06","5.05","5.1","5.04","5.1","0","0.00","155467.075"
"2019/09/05","5.21","5.21","5.09","5.1","-0.2600000000000007","-4.85","395904.9"
"2019/09/04","5.46","5.46","5.36","5.36","-0.08000000000000007","-1.47","116727.1"
"2019/09/03","5.42","5.45","5.36","5.44","0.0600000000000005","1.12","77920.15"
"2019/09/02","5.41","5.41","5.37","5.38","0.07000000000000028","1.32","64895"
"2019/08/30","5.34","5.35","5.28","5.31","-0.25","-4.50","207785.74"
"2019/08/29","5.52","5.6","5.52","5.56","0","0.00","85497.71"
"2019/08/28","5.57","5.59","5.55","5.56","0.02999999999999936","0.54","88800.6"
"2019/08/27","5.5","5.54","5.46","5.53","-0.10999999999999943","-1.95","123427.08"
"2019/08/26","5.65","5.66","5.55","5.64","0.5299999999999994","10.37","547948.708"
"2019/08/23","5.12","5.14","5.09","5.11","0.010000000000000675","0.20","73345.088"
"2019/08/22","5.02","5.1","5.01","5.1","-0.10000000000000053","-1.92","216022.506"
"2019/08/21","5.21","5.24","5.2","5.2","0.020000000000000462","0.39","81897.092"
"2019/08/20","5.24","5.24","5.17","5.18","-0.1900000000000004","-3.54","244837.15"
"2019/08/19","5.39","5.4","5.37","5.37","-0.28000000000000025","-4.96","118675.45"
"2019/08/16","5.67","5.7","5.63","5.65","0.010000000000000675","0.18","104566.402"
"2019/08/15","5.72","5.72","5.64","5.64","0.34999999999999964","6.62","499582.751"
"2019/08/14","5.23","5.31","5.23","5.29","-0.29000000000000004","-5.20","182304.604"
"2019/08/13","5.52","5.59","5.52","5.58","0.3200000000000003","6.08","231593.118"
"2019/08/12","5.26","5.29","5.22","5.26","-0.0600000000000005","-1.13","88408.099"
"2019/08/08","5.5","5.51","5.3","5.32","-0.25","-4.49","159520.399"
"2019/08/07","5.44","5.6","5.4","5.57","0.07000000000000028","1.27","169779.652"
"2019/08/06","5.97","5.99","5.45","5.5","0.20999999999999996","3.97","870885.225"
"2019/08/05","5.06","5.31","5.03","5.29","0.28000000000000025","5.59","370777.687"
"2019/08/02","5.01","5.1","5.01","5.01","0.14999999999999947","3.09","224604.4"
"2019/08/01","4.86","4.86","4.81","4.86","0.1900000000000004","4.07","70680.8"
"2019/07/31","4.6","4.67","4.6","4.67","0.13999999999999968","3.09","26059.85"
"2019/07/30","4.54","4.55","4.52","4.53","-0.019999999999999574","-0.44","18229.015"
"2019/07/29","4.55","4.55","4.51","4.55","-0.009999999999999787","-0.22","17133"
"2019/07/26","4.56","4.6","4.56","4.56","0.02999999999999936","0.66","19016"
"2019/07/25","4.58","4.61","4.52","4.53","-0.13999999999999968","-3.00","57421.857"
"2019/07/24","4.77","4.78","4.54","4.67","-0.1200000000000001","-2.51","68177"
"2019/07/23","4.77","4.81","4.77","4.79","-0.04999999999999982","-1.03","24756"
"2019/07/22","4.84","4.87","4.82","4.84","0.019999999999999574","0.41","23885"
"2019/07/19","4.83","4.84","4.79","4.82","-0.13999999999999968","-2.82","148372.999"
"2019/07/18","4.97","4.98","4.95","4.96","0.04999999999999982","1.02","61649.852"
"2019/07/17","4.91","4.94","4.91","4.91","0.020000000000000462","0.41","45380.181"
"2019/07/16","4.88","4.9","4.88","4.89","0.02999999999999936","0.62","30414.13"
"2019/07/15","4.89","4.9","4.86","4.86","-0.040000000000000036","-0.82","59483.91"
"2019/07/12","4.87","4.9","4.85","4.9","0.03000000000000025","0.62","56844.226"
"2019/07/11","4.87","4.88","4.86","4.87","-0.05999999999999961","-1.22","93649.644"
"2019/07/10","4.94","4.94","4.92","4.93","-0.040000000000000036","-0.80","54653.061"
"2019/07/09","4.95","4.99","4.91","4.97","0.009999999999999787","0.20","88678.858"
"2019/07/08","4.9","4.96","4.88","4.96","0.11000000000000032","2.27","77464.539"
"2019/07/05","4.88","4.88","4.85","4.85","-0.020000000000000462","-0.41","87722.49"
"2019/07/04","4.86","4.88","4.85","4.87","-0.040000000000000036","-0.81","160320.627"
"2019/07/03","4.87","4.92","4.87","4.91","-0.03000000000000025","-0.61","205099.2"
"2019/07/02","4.92","4.95","4.91","4.94","0.020000000000000462","0.41","145907.67"
"2019/07/01","4.94","4.98","4.92","4.92","-0.20999999999999996","-4.09","267337.16"
"2019/06/28","5.09","5.13","5.08","5.13","-0.020000000000000462","-0.39","99988.1"
"2019/06/27","5.19","5.19","5.12","5.15","-0.040000000000000036","-0.77","49204.063"
"2019/06/26","5.24","5.24","5.19","5.19","-0.019999999999999574","-0.38","74915.818"
"2019/06/25","5.12","5.21","5.1","5.21","0.1200000000000001","2.36","85355.056"
"2019/06/24","5.13","5.14","5.08","5.09","-0.0600000000000005","-1.17","69244"
"2019/06/21","5.06","5.16","5.06","5.15","0.1200000000000001","2.39","98591.445"
"2019/06/20","5","5.05","4.99","5.03","-0.14999999999999947","-2.90","270560.529"
"2019/06/19","5.2","5.21","5.17","5.18","-0.08000000000000007","-1.52","82321.35"
"2019/06/18","5.22","5.26","5.22","5.26","-0.009999999999999787","-0.19","69655.911"
"2019/06/17","5.3","5.3","5.26","5.27","-0.08000000000000007","-1.50","87088.633"
"2019/06/14","5.35","5.35","5.33","5.35","-0.040000000000000036","-0.74","66420.858"
"2019/06/13","5.34","5.42","5.32","5.39","-0.020000000000000462","-0.37","71298.214"
"2019/06/12","5.38","5.41","5.37","5.41","0.07000000000000028","1.31","60037.219"
"2019/06/11","5.35","5.36","5.34","5.34","-0.040000000000000036","-0.74","76386.301"
"2019/06/10","5.39","5.4","5.37","5.38","-0.08999999999999986","-1.65","76978.866"
"2019/06/06","5.47","5.48","5.45","5.47","-0.04999999999999982","-0.91","108980.718"
"2019/06/05","5.53","5.53","5.5","5.52","-0.25","-4.33","110769.153"
"2019/06/04","5.84","5.84","5.76","5.77","-0.1200000000000001","-2.04","93268.45"
"2019/06/03","5.91","5.94","5.89","5.89","0.04999999999999982","0.86","119804.973"
"2019/05/31","5.82","5.85","5.77","5.84","0.17999999999999972","3.18","196428.783"
"2019/05/30","5.71","5.73","5.65","5.66","0.040000000000000036","0.71","105962.227"
"2019/05/29","5.61","5.64","5.6","5.62","0.21999999999999975","4.07","133835.726"
"2019/05/28","5.39","5.42","5.39","5.4","-0.05999999999999961","-1.10","38176"
"2019/05/27","5.44","5.47","5.43","5.46","-0.009999999999999787","-0.18","40907.504"
"2019/05/24","5.5","5.5","5.44","5.47","0.08999999999999986","1.67","152150.181"
"2019/05/23","5.32","5.4","5.32","5.38","0.05999999999999961","1.13","119756.686"
"2019/05/22","5.34","5.34","5.28","5.32","-0.08999999999999986","-1.66","101216.203"
"2019/05/21","5.45","5.46","5.4","5.41","-0.019999999999999574","-0.37","74279.61"
"2019/05/20","5.41","5.45","5.4","5.43","-0.07000000000000028","-1.27","64837.9"
"2019/05/17","5.4","5.51","5.38","5.5","-0.23000000000000043","-4.01","215806.074"
"2019/05/16","5.67","5.73","5.64","5.73","-0.019999999999999574","-0.35","120481.272"
"2019/05/15","5.83","5.85","5.74","5.75","-0.15000000000000036","-2.54","124164.937"
"2019/05/14","6.01","6.03","5.88","5.9","0.23000000000000043","4.06","393640.859"
"2019/05/13","5.68","5.68","5.61","5.67","-0.16000000000000014","-2.74","58104.276"
"2019/05/10","5.7","5.9","5.62","5.83","-0.03000000000000025","-0.51","156613.9"
"2019/05/09","5.82","5.89","5.79","5.86","0.20000000000000018","3.53","243639.021"
"2019/05/08","5.73","5.76","5.64","5.66","0.3200000000000003","5.99","337309.61"
"2019/05/07","5.34","5.37","5.3","5.34","-0.16000000000000014","-2.91","69921.229"
"2019/05/06","5.51","5.55","5.43","5.5","0.3600000000000003","7.00","269117.728"
"2019/05/03","5.17","5.19","5.14","5.14","-0.03000000000000025","-0.58","49897.05"
"2019/05/02","5.17","5.18","5.16","5.17","0.1200000000000001","2.38","61587"
"2019/04/30","5.02","5.07","5.02","5.05","0.040000000000000036","0.80","19713.999"
"2019/04/29","5.03","5.03","4.88","5.01","-0.15000000000000036","-2.91","79979.599"
"2019/04/26","5.18","5.2","5.13","5.16","0.0600000000000005","1.18","135261.72"
"2019/04/25","5.16","5.17","5.1","5.1","-0.020000000000000462","-0.39","65556.099"
"2019/04/24","5.06","5.13","5.06","5.12","0.020000000000000462","0.39","90783.744"
"2019/04/23","5.13","5.17","5.1","5.1","-0.08000000000000007","-1.54","105231.705"
"2019/04/22","5.11","5.18","5.1","5.18","0.02999999999999936","0.58","79696.5"
"2019/04/19","5.13","5.18","5.11","5.15","-0.09999999999999964","-1.90","139964.428"
"2019/04/18","5.08","5.29","5.07","5.25","0.17999999999999972","3.55","229367.37"
"2019/04/17","5.01","5.08","5","5.07","0.03000000000000025","0.60","163024.01"
"2019/04/16","5.05","5.07","5.04","5.04","-0.04999999999999982","-0.98","183975.118"
"2019/04/15","5.11","5.11","5.06","5.09","-0.17999999999999972","-3.42","239286"
"2019/04/12","5.3","5.31","5.27","5.27","-0.15000000000000036","-2.77","232366.88"
"2019/04/11","5.38","5.44","5.37","5.42","-0.09999999999999964","-1.81","190792.322"
"2019/04/10","5.5","5.55","5.5","5.52","0.1299999999999999","2.41","134185.3"
"2019/04/09","5.37","5.39","5.37","5.39","-0.07000000000000028","-1.28","220390.247"
"2019/04/08","5.45","5.47","5.4","5.46","-0.1299999999999999","-2.33","263002.501"
"2019/04/03","5.6","5.62","5.58","5.59","-0.08000000000000007","-1.41","168975.482"
"2019/04/02","5.65","5.69","5.65","5.67","-0.04999999999999982","-0.87","180512.924"
"2019/04/01","5.7","5.74","5.68","5.72","-0.15000000000000036","-2.56","210873.877"
"2019/03/29","5.87","5.9","5.85","5.87","-0.13999999999999968","-2.33","198210.795"
"2019/03/28","6.02","6.05","5.99","6.01","0.1299999999999999","2.21","169025.4"
"2019/03/27","5.91","5.96","5.87","5.88","-0.1900000000000004","-3.13","320471.663"
"2019/03/26","6.1","6.12","6.07","6.07","-0.16999999999999993","-2.72","152096.905"
"2019/03/25","6.27","6.28","6.17","6.24","0.39000000000000057","6.67","284577.499"
"2019/03/22","5.77","5.86","5.68","5.85","-0.14000000000000057","-2.34","258232.524"
"2019/03/21","6.01","6.03","5.98","5.99","-0.05999999999999961","-0.99","100184.16"
"2019/03/20","6.01","6.11","6.01","6.05","0.04999999999999982","0.83","69412.193"
"2019/03/19","5.98","6.01","5.98","6","0.009999999999999787","0.17","40882.46"
"2019/03/18","5.97","6.02","5.96","5.99","0","0.00","54903.78"
"2019/03/15","5.97","6","5.97","5.99","-0.019999999999999574","-0.33","72578.654"
"2019/03/14","5.97","6.02","5.96","6.01","-0.009999999999999787","-0.17","78446.296"
"2019/03/13","5.99","6.07","5.95","6.02","0.009999999999999787","0.17","83274.299"
"2019/03/12","5.99","6.02","5.96","6.01","-0.28000000000000025","-4.45","154972.447"
"2019/03/11","6.4","6.42","6.29","6.29","-0.07000000000000028","-1.10","87487.703"
"2019/03/08","6.46","6.47","6.3","6.36","0.040000000000000036","0.63","180353.911"
"2019/03/07","6.23","6.32","6.23","6.32","0.1800000000000006","2.93","109063.923"
"2019/03/06","6.17","6.17","6.14","6.14","0.019999999999999574","0.33","55470.736"
"2019/03/05","6.11","6.14","6.08","6.12","0.13999999999999968","2.34","72011.999"
"2019/03/04","5.93","6.01","5.91","5.98","-0.1999999999999993","-3.24","134352.936"
"2019/02/27","6.2","6.22","6.17","6.18","0","0.00","60391.027"
"2019/02/26","6.08","6.21","6.08","6.18","0.21999999999999975","3.69","99807.493"
"2019/02/25","5.95","5.98","5.93","5.96","-0.20999999999999996","-3.40","120420.475"
"2019/02/22","6.15","6.18","6.12","6.17","0.11000000000000032","1.82","81104.031"
"2019/02/21","6.18","6.18","6.02","6.06","-0.2400000000000002","-3.81","288773.422"
"2019/02/20","6.27","6.32","6.26","6.3","-0.08000000000000007","-1.25","141679.493"
"2019/02/19","6.33","6.38","6.3","6.38","0.04999999999999982","0.79","87579.505"
"2019/02/18","6.35","6.35","6.3","6.33","-0.33000000000000007","-4.95","174639.301"
"2019/02/15","6.51","6.66","6.5","6.66","0.23000000000000043","3.58","121764.828"
"2019/02/14","6.43","6.43","6.38","6.43","0.019999999999999574","0.31","96867.251"
"2019/02/13","6.4","6.44","6.35","6.41","-0.10999999999999943","-1.69","123657.319"
"2019/02/12","6.5","6.59","6.48","6.52","-0.3800000000000008","-5.51","165731.401"
"2019/02/11","6.71","6.96","6.63","6.9","-0.5","-6.76","155944.666"
"2019/01/30","7.36","7.41","7.34","7.4","-0.10999999999999943","-1.46","65350.999"
"2019/01/29","7.5","7.53","7.48","7.51","0.2699999999999996","3.73","63118.866"
"2019/01/28","7.2","7.26","7.18","7.24","-0.1200000000000001","-1.63","59187.167"
"2019/01/25","7.46","7.49","7.34","7.36","-0.27999999999999936","-3.66","70404.765"
"2019/01/24","7.69","7.72","7.6","7.64","-0.040000000000000036","-0.52","41190.467"
"2019/01/23","7.69","7.72","7.6","7.68","0.39999999999999947","5.49","107476.35"
"2019/01/22","7.21","7.29","7.18","7.28","0.04999999999999982","0.69","66489.25"
"2019/01/21","7.2","7.24","7.16","7.23","-0.04999999999999982","-0.69","37861.335"
"2019/01/18","7.29","7.3","7.24","7.28","-0.21999999999999975","-2.93","65234"
"2019/01/17","7.41","7.51","7.39","7.5","0.17999999999999972","2.46","60934.499"
"2019/01/16","7.34","7.4","7.3","7.32","-0.17999999999999972","-2.40","69387.563"
"2019/01/15","7.59","7.61","7.48","7.5","-0.3099999999999996","-3.97","105584.134"
"2019/01/14","7.7","7.84","7.68","7.81","-0.09000000000000075","-1.14","94207.42"
"2019/01/11","7.86","7.94","7.85","7.9","-0.1999999999999993","-2.47","72234.62"
"2019/01/10","8","8.13","8","8.1","0.07000000000000028","0.87","80186.8"
"2019/01/09","8.07","8.07","8.01","8.03","-0.15000000000000036","-1.83","45093.503"
"2019/01/08","8.19","8.24","8.15","8.18","-0.17999999999999972","-2.15","48809.628"
"2019/01/07","8.34","8.43","8.31","8.36","-0.6600000000000001","-7.32","58060.414"
"2019/01/04","9.28","9.28","9.02","9.02","-0.120000000000001","-1.31","65255.23"
"2019/01/03","9.07","9.14","9","9.14","-0.10999999999999943","-1.19","74034.781"
"2019/01/02","8.9","9.27","8.88","9.25","-0.03999999999999915","-0.43","60804.152"
"2018/12/28","9.23","9.33","9.22","9.29","0.2599999999999998","2.88","43516.136"
"2018/12/27","9.11","9.15","9.03","9.03","-0.7200000000000006","-7.38","97349.475"
"2018/12/26","9.5","9.77","9.48","9.75","0.25","2.63","62069.412"
"2018/12/25","9.49","9.51","9.38","9.5","0.6500000000000004","7.34","68199.488"
"2018/12/24","8.91","8.98","8.85","8.85","0","0.00","44013.69"
"2018/12/22","8.76","8.98","8.76","8.85","0.35999999999999943","4.24","40449.514"
"2018/12/21","8.48","8.56","8.44","8.49","0.08000000000000007","0.95","116335.29"
"2018/12/20","8.2","8.45","8.15","8.41","0.3800000000000008","4.73","90885.22"
"2018/12/19","8.14","8.16","8.03","8.03","0","0.00","66291.26"
"2018/12/18","8.01","8.07","7.94","8.03","0.379999999999999","4.97","111722.005"
"2018/12/17","7.7","7.72","7.64","7.65","-0.02999999999999936","-0.39","36387.17"
"2018/12/14","7.55","7.69","7.54","7.68","0.13999999999999968","1.86","55529.173"
"2018/12/13","7.57","7.58","7.48","7.54","0.03000000000000025","0.40","31063.17"
"2018/12/12","7.57","7.6","7.49","7.51","-0.1900000000000004","-2.47","56997.175"
"2018/12/11","7.74","7.76","7.64","7.7","-0.16999999999999993","-2.16","59095.696"
"2018/12/10","7.84","7.9","7.78","7.87","0.5800000000000001","7.96","110116.13"
"2018/12/07","7.23","7.32","7.16","7.29","-0.11000000000000032","-1.49","59197.609"
"2018/12/06","7.2","7.46","7.2","7.4","0.4900000000000002","7.09","119468.9"
"2018/12/05","6.91","6.93","6.84","6.91","0.5099999999999998","7.97","127100.781"
"2018/12/04","6.26","6.4","6.25","6.4","0.2400000000000002","3.90","59335.955"
"2018/12/03","6.21","6.23","6.13","6.16","-0.6799999999999997","-9.94","125161.501"
"2018/11/30","6.85","6.86","6.8","6.84","0.009999999999999787","0.15","28740.348"
"2018/11/29","6.73","6.83","6.71","6.83","-0.040000000000000036","-0.58","47566.383"
"2018/11/28","6.91","6.95","6.86","6.87","-0.16999999999999993","-2.41","37212.353"
"2018/11/27","7.18","7.2","7.03","7.04","-0.2999999999999998","-4.09","62981.2"
"2018/11/26","7.44","7.45","7.33","7.34","-0.14000000000000057","-1.87","46820.839"
"2018/11/23","7.42","7.48","7.39","7.48","0.08000000000000007","1.08","32250.919"
"2018/11/22","7.34","7.44","7.31","7.4","-0.019999999999999574","-0.27","37705.376"
"2018/11/21","7.52","7.54","7.42","7.42","0.25","3.49","111670.8"
"2018/11/20","7.14","7.18","7.1","7.17","0.3700000000000001","5.44","55721.638"
"2018/11/19","6.8","6.82","6.75","6.8","-0.3100000000000005","-4.36","37139"
"2018/11/16","7.03","7.12","7.03","7.11","-0.040000000000000036","-0.56","46832.874"
"2018/11/15","7.11","7.21","7.09","7.15","0.20000000000000018","2.88","65518.489"
"2018/11/14","6.86","6.97","6.85","6.95","0.1900000000000004","2.81","57658.505"
"2018/11/13","6.94","6.98","6.75","6.76","0.4399999999999995","6.96","110264.8"
"2018/11/12","6.37","6.38","6.29","6.32","0.040000000000000036","0.64","36904.367"
"2018/11/09","6.26","6.34","6.25","6.28","0.03000000000000025","0.48","69677.16"
"2018/11/08","6.21","6.25","6.2","6.25","-0.3200000000000003","-4.87","75588.35"
"2018/11/07","6.8","6.8","6.51","6.57","-0.41000000000000014","-5.87","98693.25"
"2018/11/06","6.93","7.01","6.92","6.98","-0.16999999999999993","-2.38","44384"
"2018/11/05","7.11","7.16","7.08","7.15","0.20999999999999996","3.03","39015.352"
"2018/11/02","7.08","7.12","6.93","6.94","-0.33999999999999986","-4.67","94732.2"
"2018/11/01","7.29","7.32","7.22","7.28","-0.13999999999999968","-1.89","53823.532"
"2018/10/31","7.47","7.51","7.42","7.42","-0.11000000000000032","-1.46","49315.155"
"2018/10/30","7.66","7.73","7.52","7.53","-0.02999999999999936","-0.40","72919.2"
"2018/10/29","7.52","7.64","7.48","7.56","-0.16000000000000014","-2.07","72045.863"
"2018/10/26","7.58","7.83","7.56","7.72","0.2999999999999998","4.04","134967.161"
"2018/10/25","7.35","7.43","7.31","7.42","0.5499999999999998","8.01","134781.671"
"2018/10/24","6.8","6.87","6.72","6.87","-0.08000000000000007","-1.15","81638.8"
"2018/10/23","6.8","6.97","6.74","6.95","0.33000000000000007","4.98","101234.378"
"2018/10/22","6.78","6.79","6.59","6.62","0.10000000000000053","1.53","84354.385"
"2018/10/19","6.6","6.62","6.52","6.52","0.1999999999999993","3.16","85302.4"
"2018/10/18","6.23","6.33","6.22","6.32","0.1299999999999999","2.10","41538.2"
"2018/10/17","6.16","6.19","6.14","6.19","-0.40999999999999925","-6.21","58535.769"
"2018/10/16","6.59","6.65","6.53","6.6","-0.0600000000000005","-0.90","48003.721"
"2018/10/15","6.63","6.69","6.58","6.66","0.2999999999999998","4.72","75931.699"
"2018/10/12","6.6","6.62","6.36","6.36","-0.5099999999999998","-7.42","241340.55"
"2018/10/11","6.5","6.89","6.5","6.87","1.3200000000000003","23.78","371311"
"2018/10/09","5.53","5.55","5.5","5.55","0.1200000000000001","2.21","93301.706"
"2018/10/08","5.43","5.45","5.38","5.43","0.16999999999999993","3.23","105545.853"
"2018/10/05","5.25","5.32","5.23","5.26","0.0699999999999994","1.35","104111.718"
"2018/10/04","5.12","5.19","5.12","5.19","0.10000000000000053","1.96","44663.35"
"2018/10/03","5.11","5.13","5.07","5.09","-0.03000000000000025","-0.59","29583.1"
"2018/10/02","5.07","5.13","5.07","5.12","0.08000000000000007","1.59","32740.7"
"2018/10/01","5.06","5.08","5.03","5.04","-0.1299999999999999","-2.51","58462.785"
"2018/09/28","5.16","5.17","5.15","5.17","-0.0600000000000005","-1.15","23440.25"
"2018/09/27","5.21","5.24","5.2","5.23","0.10000000000000053","1.95","36876.566"
"2018/09/26","5.16","5.17","5.13","5.13","-0.040000000000000036","-0.77","38428.1"
"2018/09/25","5.17","5.17","5.15","5.17","0","0.00","40075.215"
"2018/09/21","5.16","5.18","5.15","5.17","-0.1200000000000001","-2.27","71121.3"
"2018/09/20","5.27","5.29","5.25","5.29","-0.11000000000000032","-2.04","66269"
"2018/09/19","5.4","5.41","5.39","5.4","-0.08999999999999986","-1.64","43679"
"2018/09/18","5.56","5.56","5.48","5.49","0.1200000000000001","2.23","59929.045"
"2018/09/17","5.36","5.39","5.35","5.37","-0.04999999999999982","-0.92","66731.1"
"2018/09/14","5.42","5.44","5.41","5.42","-0.17999999999999972","-3.21","70725.999"
"2018/09/13","5.56","5.6","5.55","5.6","-0.05000000000000071","-0.88","46412.368"
"2018/09/12","5.64","5.67","5.63","5.65","-0.10999999999999943","-1.91","51764"
"2018/09/11","5.79","5.79","5.75","5.76","-0.1800000000000006","-3.03","39687.02"
"2018/09/10","5.92","5.94","5.89","5.94","0.020000000000000462","0.34","41943.367"
"2018/09/07","5.96","5.96","5.88","5.92","0.1899999999999995","3.32","101451"
"2018/09/06","5.74","5.76","5.68","5.73","0.05000000000000071","0.88","51953.999"
"2018/09/05","5.64","5.68","5.62","5.68","0.10999999999999943","1.97","32664"
"2018/09/04","5.59","5.62","5.56","5.57","-0.05999999999999961","-1.07","34413"
"2018/09/03","5.59","5.65","5.58","5.63","-0.08000000000000007","-1.40","61586"
"2018/08/31","5.73","5.76","5.7","5.71","0.08999999999999986","1.60","64717.264"
"2018/08/30","5.57","5.62","5.56","5.62","0.020000000000000462","0.36","31634.5"
"2018/08/29","5.59","5.61","5.58","5.6","0.009999999999999787","0.18","24226"
"2018/08/28","5.55","5.6","5.54","5.59","0.04999999999999982","0.90","30365.998"
"2018/08/27","5.54","5.55","5.52","5.54","-0.07000000000000028","-1.25","37084.38"
"2018/08/24","5.62","5.65","5.6","5.61","-0.04999999999999982","-0.88","40541.15"
"2018/08/23","5.62","5.67","5.61","5.66","-0.16999999999999993","-2.92","53578.1"
"2018/08/22","5.84","5.85","5.77","5.83","0.20000000000000018","3.55","40255.885"
"2018/08/21","5.68","5.68","5.62","5.63","-0.07000000000000028","-1.23","36447.107"
"2018/08/20","5.71","5.74","5.7","5.7","-0.20000000000000018","-3.39","50558.5"
"2018/08/17","5.89","5.9","5.82","5.9","-0.05999999999999961","-1.01","39922.043"
"2018/08/16","6.11","6.12","5.94","5.96","0","0.00","82720.036"
"2018/08/15","5.87","5.96","5.86","5.96","-0.020000000000000462","-0.33","69234.2"
"2018/08/14","6.04","6.1","5.97","5.98","-0.019999999999999574","-0.33","78160.913"
"2018/08/13","5.94","6.13","5.94","6","0.33999999999999986","6.01","108701.068"
"2018/08/10","5.59","5.66","5.56","5.66","0.14000000000000057","2.54","38512.104"
"2018/08/09","5.54","5.55","5.5","5.52","-0.010000000000000675","-0.18","45204.263"
"2018/08/08","5.53","5.54","5.52","5.53","-0.14999999999999947","-2.64","55078.373"
"2018/08/07","5.7","5.71","5.68","5.68","-0.1900000000000004","-3.24","57663.181"
"2018/08/06","5.88","5.9","5.83","5.87","-0.11000000000000032","-1.84","52269.5"
"2018/08/03","5.97","5.99","5.96","5.98","-0.16999999999999993","-2.76","50343.5"
"2018/08/02","6.07","6.15","6.06","6.15","0.05000000000000071","0.82","60099.15"
"2018/08/01","6.09","6.1","6.07","6.1","-0.10000000000000053","-1.61","29303.057"
"2018/07/31","6.22","6.24","6.19","6.2","0.07000000000000028","1.14","47177.252"
"2018/07/30","6.11","6.16","6.08","6.13","0.20999999999999996","3.55","52790.97"
"2018/07/27","5.92","5.95","5.9","5.92","-0.08999999999999986","-1.50","48211.465"
"2018/07/26","5.96","6.03","5.95","6.01","-0.03000000000000025","-0.50","26956"
"2018/07/25","6.04","6.05","6.02","6.04","0.08000000000000007","1.34","15496"
"2018/07/24","6","6.02","5.95","5.96","-0.20000000000000018","-3.25","64250"
"2018/07/23","6.15","6.2","6.14","6.16","0.07000000000000028","1.15","28194"
"2018/07/20","6","6.18","5.99","6.09","0.1200000000000001","2.01","49646.048"
"2018/07/19","5.95","5.98","5.92","5.97","-0.010000000000000675","-0.17","28921.3"
"2018/07/18","5.97","5.99","5.94","5.98","-0.11999999999999922","-1.97","52249.15"
"2018/07/17","6.11","6.14","6.08","6.1","0.02999999999999936","0.49","30484.408"
"2018/07/16","6.04","6.09","6.03","6.07","-0.10999999999999943","-1.78","55765.205"
"2018/07/13","6.19","6.19","6.16","6.18","-0.11000000000000032","-1.75","45759"
"2018/07/12","6.37","6.39","6.28","6.29","-0.16999999999999993","-2.63","26887.065"
"2018/07/11","6.49","6.53","6.39","6.46","0.20999999999999996","3.36","44265.999"
"2018/07/10","6.2","6.28","6.19","6.25","-0.23000000000000043","-3.55","51521.5"
"2018/07/09","6.57","6.58","6.48","6.48","-0.4299999999999997","-6.22","51478"
"2018/07/06","7.04","7.08","6.88","6.91","-0.35999999999999943","-4.95","62675"
"2018/07/05","7.21","7.29","7.16","7.27","0.0699999999999994","0.97","32798.328"
"2018/07/04","7.25","7.28","7.15","7.2","0","0.00","18267.025"
"2018/07/03","7.14","7.24","7.02","7.2","-0.1299999999999999","-1.77","44893.45"
"2018/07/02","7.14","7.33","7.05","7.33","0.25","3.53","46241.853"
"2018/06/29","7.23","7.26","7.03","7.08","-0.20000000000000018","-2.75","41172.4"
"2018/06/28","7.32","7.35","7.22","7.28","0.1900000000000004","2.68","56401.065"
"2018/06/27","7","7.09","6.95","7.09","0.20000000000000018","2.90","61069.457"
"2018/06/26","6.97","7.07","6.87","6.89","0.29000000000000004","4.39","133076.338"
"2018/06/25","6.54","6.6","6.51","6.6","0.13999999999999968","2.17","30884.1"
"2018/06/22","6.5","6.51","6.45","6.46","0.33999999999999986","5.56","99786.631"
"2018/06/21","6.13","6.15","6.07","6.12","-0.04999999999999982","-0.81","34253.573"
"2018/06/20","6.36","6.41","6.17","6.17","-0.29000000000000004","-4.49","46160.754"
"2018/06/19","6.2","6.5","6.17","6.46","0.3600000000000003","5.90","66412.899"
"2018/06/15","6.07","6.11","6.06","6.1","-0.16000000000000014","-2.56","34754.149"
"2018/06/14","6.2","6.26","6.17","6.26","0.16999999999999993","2.79","26413.355"
"2018/06/13","6.09","6.11","6.08","6.09","-0.0600000000000005","-0.98","28583.683"
"2018/06/12","6.14","6.18","6.12","6.15","-0.15999999999999925","-2.54","41441"
"2018/06/11","6.3","6.33","6.26","6.31","-0.010000000000000675","-0.16","17645"
"2018/06/08","6.25","6.32","6.21","6.32","0.14000000000000057","2.27","30687.999"
"2018/06/07","6.2","6.21","6.18","6.18","-0.1900000000000004","-2.98","37250"
"2018/06/06","6.4","6.4","6.35","6.37","-0.1899999999999995","-2.90","44697.1"
"2018/06/05","6.56","6.58","6.55","6.56","-0.15000000000000036","-2.24","35679.999"
"2018/06/04","6.72","6.74","6.7","6.71","-0.3600000000000003","-5.09","31445"
"2018/06/01","7.1","7.1","7.05","7.07","0.03000000000000025","0.43","14931.222"
"2018/05/31","7.05","7.06","7.01","7.04","-0.16999999999999993","-2.36","16734.781"
"2018/05/30","7.32","7.35","7.14","7.21","0.5199999999999996","7.77","88906.101"
"2018/05/29","6.6","6.7","6.6","6.69","0.17000000000000082","2.61","14876.89"
"2018/05/28","6.48","6.53","6.45","6.52","0.08999999999999986","1.40","10688.763"
"2018/05/25","6.46","6.49","6.42","6.43","-0.16000000000000014","-2.43","28648.1"
"2018/05/24","6.57","6.63","6.55","6.59","-0.1200000000000001","-1.79","20255.97"
"2018/05/23","6.62","6.74","6.61","6.71","0.1200000000000001","1.82","19541.211"
"2018/05/22","6.61","6.62","6.58","6.59","0.009999999999999787","0.15","17354.222"
"2018/05/21","6.51","6.59","6.51","6.58","-0.1200000000000001","-1.79","18263.195"
"2018/05/18","6.67","6.7","6.66","6.7","-0.1299999999999999","-1.90","33257.876"
"2018/05/17","6.83","6.86","6.82","6.83","-0.2599999999999998","-3.67","39050.015"
"2018/05/16","7.09","7.1","7.06","7.09","0.29000000000000004","4.26","28949.44"
"2018/05/15","6.73","6.8","6.72","6.8","0.0699999999999994","1.04","32898.08"
"2018/05/14","6.74","6.77","6.73","6.73","-0.3199999999999994","-4.54","44934.62"
"2018/05/11","7.04","7.05","7.01","7.05","-0.2400000000000002","-3.29","33316.1"
"2018/05/10","7.34","7.34","7.29","7.29","-0.3799999999999999","-4.95","42610.7"
"2018/05/09","7.65","7.69","7.63","7.67","0.019999999999999574","0.26","7562"
"2018/05/08","7.61","7.65","7.61","7.65","0.05000000000000071","0.66","10873.01"
"2018/05/07","7.62","7.67","7.59","7.6","-0.25","-3.18","26612.19"
"2018/05/04","7.87","7.91","7.81","7.85","-0.010000000000000675","-0.13","13605"
"2018/05/03","7.9","7.91","7.83","7.86","0.03000000000000025","0.38","15645"
"2018/05/02","7.8","7.84","7.77","7.83","0.07000000000000028","0.90","13845"
"2018/04/30","7.82","7.84","7.76","7.76","-0.3100000000000005","-3.84","36260.35"
"2018/04/27","8.06","8.13","8.04","8.07","-0.29999999999999893","-3.58","26558.534"
"2018/04/26","8.25","8.4","8.24","8.37","-0.0600000000000005","-0.71","30398.57"
"2018/04/25","8.22","8.44","8.2","8.43","0.5","6.31","51590.18"
"2018/04/24","7.95","7.99","7.87","7.93","0.019999999999999574","0.25","18075.32"
"2018/04/23","7.94","7.97","7.88","7.91","0.03000000000000025","0.38","20119"
"2018/04/20","7.84","7.88","7.8","7.88","0.16999999999999993","2.20","29526.4"
"2018/04/19","7.69","7.74","7.68","7.71","-0.03000000000000025","-0.39","21291.685"
"2018/04/18","7.8","7.8","7.74","7.74","-0.4800000000000004","-5.84","59451.13"
"2018/04/17","8.2","8.28","8.18","8.22","-0.3199999999999985","-3.75","56748.84"
"2018/04/16","8.44","8.56","8.4","8.54","-0.40000000000000036","-4.47","46054.16"
"2018/04/13","8.95","8.99","8.91","8.94","-0.3100000000000005","-3.35","49655.999"
"2018/04/12","9.19","9.25","9.13","9.25","-0.10999999999999943","-1.18","18799.14"
"2018/04/11","9.29","9.36","9.21","9.36","0.1899999999999995","2.07","23313.999"
"2018/04/10","9.43","9.45","9.05","9.17","0.019999999999999574","0.22","36204.1"
"2018/04/09","9.17","9.25","9.11","9.15","-0.34999999999999964","-3.68","34072.06"
"2018/04/03","9.47","9.51","9.44","9.5","0.47000000000000064","5.20","51910"
"2018/04/02","9.02","9.09","8.96","9.03","-0.11000000000000121","-1.20","35029"
"2018/03/31","9.12","9.15","9.11","9.14","-0.019999999999999574","-0.22","5263.6"
"2018/03/30","9.16","9.16","9.1","9.16","-0.33999999999999986","-3.58","18375"
"2018/03/29","9.34","9.51","9.32","9.5","0.13000000000000078","1.39","26920.157"
"2018/03/28","9.15","9.37","9.09","9.37","0.6699999999999999","7.70","45325.315"
"2018/03/27","8.63","8.72","8.62","8.7","-0.08000000000000007","-0.91","25587.05"
"2018/03/26","9","9.05","8.78","8.78","-0.16000000000000014","-1.79","68081.25"
"2018/03/23","8.95","9.05","8.85","8.94","1.0199999999999996","12.88","117797.999"
"2018/03/22","7.87","7.94","7.78","7.92","0.03000000000000025","0.38","31566.5"
"2018/03/21","7.9","7.91","7.87","7.89","-0.020000000000000462","-0.25","15973.66"
"2018/03/20","8.05","8.06","7.91","7.91","0.35000000000000053","4.63","57569.35"
"2018/03/19","7.55","7.67","7.5","7.56","-0.07000000000000028","-0.92","28814"
"2018/03/16","7.6","7.71","7.59","7.63","-0.15000000000000036","-1.93","31962.3"
"2018/03/15","7.95","7.97","7.74","7.78","0.08000000000000007","1.04","26609.128"
"2018/03/14","7.7","7.77","7.68","7.7","0.20999999999999996","2.80","17714"
"2018/03/13","7.49","7.53","7.48","7.49","0.1900000000000004","2.60","19085.2"
"2018/03/12","7.32","7.36","7.29","7.3","-0.6500000000000004","-8.18","56561"
"2018/03/09","7.88","7.98","7.83","7.95","-0.2600000000000007","-3.17","37144.81"
"2018/03/08","8.23","8.24","8.16","8.21","-0.5799999999999983","-6.60","48056"
"2018/03/07","8.77","8.8","8.55","8.79","0.5299999999999994","6.42","33924"
"2018/03/06","8.23","8.29","8.2","8.26","-0.5700000000000003","-6.46","25395.3"
"2018/03/05","8.57","8.83","8.53","8.83","0","0.00","32630.675"
"2018/03/02","8.76","8.96","8.69","8.83","0.5199999999999996","6.26","42950.143"
"2018/03/01","8.18","8.42","8.18","8.31","0.9200000000000008","12.45","72419.83"
"2018/02/27","7.31","7.39","7.3","7.39","-0.20999999999999996","-2.76","30398.781"
"2018/02/26","7.68","7.68","7.59","7.6","-0.5300000000000011","-6.52","39501.7"
"2018/02/23","8.08","8.15","8.04","8.13","-0.4299999999999997","-5.02","30316.6"
"2018/02/22","8.44","8.64","8.4","8.56","0.19000000000000128","2.27","21630.2"
"2018/02/21","8.2","8.4","8.11","8.37","-0.75","-8.22","37055.6"
"2018/02/12","9.03","9.15","9","9.12","-0.6900000000000013","-7.03","22108.406"
"2018/02/09","9.83","9.96","9.59","9.81","1.290000000000001","15.14","110985.204"
"2018/02/08","8.63","8.79","8.49","8.52","-0.25","-2.85","48401.05"
"2018/02/07","8.56","8.8","8.5","8.77","-1.1799999999999997","-11.86","80694.003"
"2018/02/06","9.99","10.63","9.46","9.95","3.6099999999999994","56.94","358422.231"
"2018/02/05","6.43","6.53","6.33","6.34","0.8999999999999995","16.54","99522.749"
"2018/02/02","5.41","5.55","5.4","5.44","-0.07999999999999918","-1.45","21509.001"
"2018/02/01","5.56","5.56","5.47","5.52","-0.14000000000000057","-2.47","15023"
"2018/01/31","5.81","5.81","5.59","5.66","-0.10999999999999943","-1.91","32020"
"2018/01/30","5.6","5.86","5.6","5.77","0.5799999999999992","11.18","43391.7"
"2018/01/29","5.16","5.21","5.16","5.19","-0.009999999999999787","-0.19","5097"
"2018/01/26","5.18","5.23","5.18","5.2","0.04999999999999982","0.97","10300.001"
"2018/01/25","5.15","5.18","5.14","5.15","0.09000000000000075","1.78","10101.48"
"2018/01/24","5.05","5.07","5.04","5.06","0.10999999999999943","2.22","6180"
"2018/01/23","5","5","4.94","4.95","-0.1299999999999999","-2.56","9128"
"2018/01/22","5.1","5.12","5.06","5.08","-0.04999999999999982","-0.97","6876.02"
"2018/01/19","5.12","5.16","5.08","5.13","0.009999999999999787","0.20","7772"
"2018/01/18","5.07","5.13","5.07","5.12","0.04999999999999982","0.99","13603"
"2018/01/17","5.07","5.11","5.07","5.07","0.20999999999999996","4.32","15551.5"
"2018/01/16","4.86","4.89","4.85","4.86","0","0.00","4185"
"2018/01/15","4.86","4.89","4.85","4.86","-0.009999999999999787","-0.21","8477"
"2018/01/12","4.87","4.87","4.85","4.87","0","0.00","5224.095"
"2018/01/11","4.9","4.91","4.85","4.87","-0.09999999999999964","-2.01","11044"
"2018/01/10","4.97","4.97","4.94","4.97","0.04999999999999982","1.02","4696"
"2018/01/09","4.91","4.94","4.91","4.92","-0.03000000000000025","-0.61","5165"
"2018/01/08","4.92","4.96","4.92","4.95","-0.009999999999999787","-0.20","8537"
"2018/01/05","4.98","4.98","4.95","4.96","-0.04999999999999982","-1.00","8121"
"2018/01/04","5.01","5.03","5","5.01","-0.009999999999999787","-0.20","9486.001"
"2018/01/03","5.07","5.08","5.01","5.02","-0.2400000000000002","-4.56","22438"
"2018/01/02","5.29","5.3","5.25","5.26","0.019999999999999574","0.38","5891"
"2017/12/29","5.27","5.27","5.23","5.24","-0.02999999999999936","-0.57","4345"
"2017/12/28","5.31","5.31","5.27","5.27","0","0.00","8233"
"2017/12/27","5.3","5.3","5.27","5.27","-0.0600000000000005","-1.13","5308.262"
"2017/12/26","5.3","5.34","5.3","5.33","0.04999999999999982","0.95","8319"
"2017/12/25","5.28","5.31","5.28","5.28","0.040000000000000036","0.76","2431"
"2017/12/22","5.27","5.28","5.24","5.24","-0.08999999999999986","-1.69","7192.027"
"2017/12/21","5.33","5.34","5.31","5.33","0.0600000000000005","1.14","10762.02"
"2017/12/20","5.31","5.31","5.26","5.27","-0.05000000000000071","-0.94","12082"
"2017/12/19","5.32","5.33","5.3","5.32","-0.019999999999999574","-0.37","9877"
"2017/12/18","5.38","5.38","5.33","5.34","-0.23000000000000043","-4.13","30371"
"2017/12/15","5.62","5.62","5.56","5.57","-0.02999999999999936","-0.54","12140"
"2017/12/14","5.6","5.61","5.58","5.6","-0.0600000000000005","-1.06","8784.3"
"2017/12/13","5.64","5.72","5.62","5.66","0.040000000000000036","0.71","10951.5"
"2017/12/12","5.63","5.63","5.61","5.62","-0.16999999999999993","-2.94","14983"
"2017/12/11","5.79","5.8","5.74","5.79","-0.16999999999999993","-2.85","22175"
"2017/12/08","5.99","6","5.95","5.96","-0.16999999999999993","-2.77","20753.2"
"2017/12/07","6.14","6.14","6.1","6.13","-0.2400000000000002","-3.77","13459"
"2017/12/06","6.23","6.38","6.22","6.37","0.17999999999999972","2.91","26175.65"
"2017/12/05","6.18","6.21","6.16","6.19","0.20000000000000018","3.34","14447"
"2017/12/04","6.05","6.05","5.96","5.99","-0.17999999999999972","-2.92","14549"
"2017/12/01","6.16","6.2","6.15","6.17","0.07000000000000028","1.15","13528"
"2017/11/30","6.1","6.12","6.07","6.1","0.09999999999999964","1.67","10153"
"2017/11/29","6","6.02","5.99","6","-0.05999999999999961","-0.99","16758"
"2017/11/28","6.1","6.1","6.06","6.06","-0.09000000000000075","-1.46","11822.3"
"2017/11/27","6.05","6.15","6.05","6.15","0.0600000000000005","0.99","8957.05"
"2017/11/24","6.11","6.14","6.09","6.09","-0.040000000000000036","-0.65","6672"
"2017/11/23","6.13","6.13","6.11","6.13","-0.020000000000000462","-0.33","7294.8"
"2017/11/22","6.13","6.2","6.13","6.15","-0.2599999999999998","-4.06","19160.5"
"2017/11/21","6.44","6.45","6.4","6.41","-0.35999999999999943","-5.32","30918"
"2017/11/20","6.68","6.79","6.65","6.77","0.009999999999999787","0.15","10027"
"2017/11/17","6.69","6.76","6.67","6.76","-0.0600000000000005","-0.88","11890.2"
"2017/11/16","6.91","6.93","6.82","6.82","-0.019999999999999574","-0.29","18293"
"2017/11/15","6.82","6.86","6.8","6.84","0.08999999999999986","1.33","13553.2"
"2017/11/14","6.72","6.76","6.71","6.75","0.16999999999999993","2.58","13156"
"2017/11/13","6.59","6.64","6.58","6.58","0.09999999999999964","1.54","9905"
"2017/11/10","6.57","6.57","6.48","6.48","-0.08999999999999986","-1.37","11796"
"2017/11/09","6.44","6.57","6.44","6.57","0.08000000000000007","1.23","13397.01"
"2017/11/08","6.52","6.53","6.49","6.49","0.08999999999999986","1.41","9111"
"2017/11/07","6.43","6.44","6.4","6.4","-0.1299999999999999","-1.99","11147"
"2017/11/06","6.5","6.65","6.47","6.53","0","0.00","7827"
"2017/11/03","6.52","6.54","6.51","6.53","-0.14999999999999947","-2.25","9468"
"2017/11/02","6.68","6.68","6.63","6.68","0.16000000000000014","2.45","7795"
"2017/11/01","6.53","6.53","6.49","6.52","-0.14000000000000057","-2.10","10486.955"
"2017/10/31","6.67","6.69","6.65","6.66","-0.04999999999999982","-0.75","7323"
"2017/10/30","6.68","6.71","6.64","6.71","-0.21999999999999975","-3.17","16292"
"2017/10/27","6.93","6.95","6.87","6.93","0.009999999999999787","0.14","12405.045"
"2017/10/26","6.93","6.93","6.88","6.92","0.009999999999999787","0.14","14222"
"2017/10/25","6.82","6.91","6.81","6.91","0.2599999999999998","3.91","21543"
"2017/10/24","6.68","6.71","6.64","6.65","0.1800000000000006","2.78","12228"
"2017/10/23","6.45","6.5","6.43","6.47","-0.08999999999999986","-1.37","10878"
"2017/10/20","6.63","6.63","6.5","6.56","-0.15000000000000036","-2.24","27034.552"
"2017/10/19","6.68","6.71","6.67","6.71","-0.020000000000000462","-0.30","9265"
"2017/10/18","6.7","6.73","6.7","6.73","0.03000000000000025","0.45","8308.095"
"2017/10/17","6.68","6.74","6.66","6.7","-0.009999999999999787","-0.15","18175"
"2017/10/16","6.78","6.78","6.71","6.71","-0.25","-3.59","22275"
"2017/10/13","7","7","6.95","6.96","-0.07000000000000028","-1.00","15121"
"2017/10/12","7.04","7.04","7.01","7.03","-0.09999999999999964","-1.40","14010.244"
"2017/10/11","7.15","7.15","7.09","7.13","-0.08000000000000007","-1.11","13354.256"
"2017/10/06","7.21","7.22","7.19","7.21","-0.20999999999999996","-2.83","16573.201"
"2017/10/05","7.4","7.43","7.39","7.42","0","0.00","7181"
"2017/10/03","7.46","7.46","7.41","7.42","-0.16000000000000014","-2.11","16125.006"
"2017/10/02","7.57","7.61","7.56","7.58","-0.03000000000000025","-0.39","7859"
"2017/09/30","7.7","7.7","7.6","7.61","-0.1899999999999995","-2.44","15185.019"
"2017/09/29","7.88","7.88","7.8","7.8","-0.16999999999999993","-2.13","15538"
"2017/09/28","8","8","7.94","7.97","-0.05999999999999961","-0.75","13161.025"
"2017/09/27","8.15","8.15","8.01","8.03","-0.21000000000000085","-2.55","27652.388"
"2017/09/26","8.32","8.32","8.22","8.24","-0.08000000000000007","-0.96","18180"
"2017/09/25","8.26","8.32","8.22","8.32","-0.16999999999999993","-2.00","12805.096"
"2017/09/22","8.35","8.51","8.35","8.49","0.2400000000000002","2.91","18531.6"
"2017/09/21","8.22","8.26","8.22","8.25","-0.05000000000000071","-0.60","10069"
"2017/09/20","8.3","8.32","8.25","8.3","0.010000000000001563","0.12","13446.239"
"2017/09/19","8.28","8.29","8.23","8.29","-0.120000000000001","-1.43","20070"
"2017/09/18","8.51","8.53","8.4","8.41","-0.2599999999999998","-3.00","30393.368"
"2017/09/15","8.8","8.8","8.67","8.67","0.009999999999999787","0.12","13322"
"2017/09/14","8.69","8.7","8.64","8.66","-0.14000000000000057","-1.59","30411.4"
"2017/09/13","8.7","8.81","8.67","8.8","-0.049999999999998934","-0.56","35120"
"2017/09/12","8.81","8.86","8.79","8.85","-0.17999999999999972","-1.99","38383"
"2017/09/11","9.06","9.06","9.01","9.03","-0.23000000000000043","-2.48","21916.12"
"2017/09/08","9.25","9.26","9.18","9.26","-0.08000000000000007","-0.86","16456"
"2017/09/07","9.26","9.34","9.24","9.34","0.03999999999999915","0.43","10536.5"
"2017/09/06","9.38","9.38","9.26","9.3","0","0.00","16445.012"
"2017/09/05","9.26","9.33","9.23","9.3","0.0600000000000005","0.65","9427.012"
"2017/09/04","9.31","9.33","9.21","9.24","0.21000000000000085","2.33","18189.38"
"2017/09/01","9","9.04","8.98","9.03","-0.2599999999999998","-2.80","42193"
"2017/08/31","9.22","9.3","9.22","9.29","0.009999999999999787","0.11","10054"
"2017/08/30","9.28","9.3","9.24","9.28","-0.39000000000000057","-4.03","29472"
"2017/08/29","9.59","9.79","9.54","9.67","0.3000000000000007","3.20","33875.5"
"2017/08/28","9.32","9.37","9.29","9.37","-0.02000000000000135","-0.21","19589.51"
"2017/08/25","9.42","9.46","9.34","9.39","-0.08000000000000007","-0.84","17932"
"2017/08/24","9.48","9.48","9.41","9.47","0.14000000000000057","1.50","15293.116"
"2017/08/23","9.21","9.35","9.18","9.33","-0.3800000000000008","-3.91","41472.485"
"2017/08/22","9.72","9.72","9.66","9.71","-0.4399999999999995","-4.33","18385.35"
"2017/08/21","10.18","10.24","10.12","10.15","0.120000000000001","1.20","14535.399"
"2017/08/18","9.99","10.14","9.95","10.03","0.879999999999999","9.62","49542.5"
"2017/08/17","9.15","9.2","9.14","9.15","-0.02999999999999936","-0.33","8134"
"2017/08/16","9.15","9.25","9.14","9.18","0.07000000000000028","0.77","19621.031"
"2017/08/15","9.16","9.16","9.08","9.11","-0.9400000000000013","-9.35","38234.912"
"2017/08/14","10","10.06","9.95","10.05","-0.5199999999999996","-4.92","27046.416"
"2017/08/11","10.45","10.69","10.45","10.57","1.42","15.52","122092.419"
"2017/08/10","8.97","9.16","8.96","9.15","0.15000000000000036","1.67","17654"
"2017/08/09","9.01","9.06","8.99","9","0.33999999999999986","3.93","15853.25"
"2017/08/08","8.66","8.71","8.62","8.66","-0.02999999999999936","-0.35","10961"
"2017/08/07","8.71","8.73","8.68","8.69","-0.19000000000000128","-2.14","17484.5"
"2017/08/04","8.89","9.02","8.78","8.88","-0.34999999999999964","-3.79","32016"
"2017/08/03","9.2","9.34","9.17","9.23","0.0600000000000005","0.65","10042"
"2017/08/02","9.2","9.22","9.16","9.17","-0.11999999999999922","-1.29","5009.19"
"2017/08/01","9.24","9.29","9.17","9.29","-0.010000000000001563","-0.11","5670"
"2017/07/31","9.39","9.42","9.28","9.3","-0.10999999999999943","-1.17","6586.333"
"2017/07/28","9.1","9.41","9.1","9.41","0.40000000000000036","4.44","8521"
"2017/07/27","9","9.05","8.99","9.01","-0.08000000000000007","-0.88","6344"
"2017/07/26","9","9.09","8.99","9.09","0.009999999999999787","0.11","7595.013"
"2017/07/25","9.11","9.12","9.07","9.08","-0.10999999999999943","-1.20","7590.333"
"2017/07/24","9.15","9.23","9.1","9.19","0.02999999999999936","0.33","5525.487"
"2017/07/21","9.19","9.19","9.13","9.16","-0.03999999999999915","-0.43","9061.012"
"2017/07/20","9.25","9.25","9.19","9.2","-0.14000000000000057","-1.50","10419"
"2017/07/19","9.4","9.42","9.33","9.34","-0.13000000000000078","-1.37","13507.528"
"2017/07/18","9.45","9.51","9.41","9.47","-0.02999999999999936","-0.32","7232"
"2017/07/17","9.36","9.51","9.36","9.5","-0.22000000000000064","-2.26","11548"
"2017/07/14","9.71","9.73","9.69","9.72","-0.05999999999999872","-0.61","8433"
"2017/07/13","9.71","9.79","9.69","9.78","-0.2400000000000002","-2.40","12870.9"
"2017/07/12","10.05","10.07","9.98","10.02","-0.09999999999999964","-0.99","8227.5"
"2017/07/11","10.11","10.13","10.08","10.12","-0.0600000000000005","-0.59","7177"
"2017/07/10","10.25","10.26","10.16","10.18","-0.3000000000000007","-2.86","7539.5"
"2017/07/07","10.55","10.55","10.47","10.48","0.33000000000000007","3.25","14153.2"
"2017/07/06","10.13","10.15","10.11","10.15","0","0.00","4147"
"2017/07/05","10.15","10.23","10.14","10.15","-0.02999999999999936","-0.29","5897"
"2017/07/04","10.07","10.18","10.07","10.18","0.20999999999999908","2.11","7731"
"2017/07/03","9.98","9.98","9.87","9.97","0","0.00","5552"
"2017/06/30","9.91","9.99","9.88","9.97","0.33999999999999986","3.53","9172"
"2017/06/29","9.62","9.64","9.57","9.63","-0.3999999999999986","-3.99","11583.318"
"2017/06/28","9.95","10.03","9.9","10.03","0.4299999999999997","4.48","12559.198"
"2017/06/27","9.6","9.6","9.58","9.6","-0.15000000000000036","-1.54","8338"
"2017/06/26","9.8","9.8","9.72","9.75","-0.17999999999999972","-1.81","8748.62"
"2017/06/23","9.92","9.94","9.9","9.93","-0.09999999999999964","-1.00","7977"
"2017/06/22","10","10.04","10","10.03","0.049999999999998934","0.50","2863"
"2017/06/21","9.9","10","9.9","9.98","0.120000000000001","1.22","6554"
"2017/06/20","9.9","9.9","9.84","9.86","-0.20000000000000107","-1.99","8845"
"2017/06/19","10.12","10.12","10.05","10.06","-0.09999999999999964","-0.98","4802.3"
"2017/06/16","10.18","10.21","10.13","10.16","-0.07000000000000028","-0.68","7728"
"2017/06/15","10.19","10.24","10.16","10.23","0.07000000000000028","0.69","6272"
"2017/06/14","10.15","10.19","10.12","10.16","-0.22000000000000064","-2.12","9186"
"2017/06/13","10.41","10.41","10.35","10.38","-0.10999999999999943","-1.05","4718"
"2017/06/12","10.41","10.49","10.37","10.49","0.2400000000000002","2.34","9996.5"
"2017/06/09","10.31","10.31","10.24","10.25","-0.1999999999999993","-1.91","6058"
"2017/06/08","10.49","10.49","10.41","10.45","-0.0600000000000005","-0.57","6750.1"
"2017/06/07","10.52","10.53","10.49","10.51","0.09999999999999964","0.96","8450.81"
"2017/06/06","10.38","10.41","10.37","10.41","0.10999999999999943","1.07","5303"
"2017/06/05","10.35","10.36","10.29","10.3","-0.03999999999999915","-0.39","4199.24"
"2017/06/03","10.23","10.35","10.22","10.34","0.11999999999999922","1.17","2299.034"
"2017/06/02","10.24","10.24","10.2","10.22","-0.2400000000000002","-2.29","9124.001"
"2017/06/01","10.45","10.48","10.4","10.46","-0.02999999999999936","-0.29","4827.304"
"2017/05/31","10.51","10.51","10.45","10.49","-0.1899999999999995","-1.78","10545"
"2017/05/26","10.68","10.72","10.65","10.68","-0.019999999999999574","-0.19","8775"
"2017/05/25","10.63","10.72","10.56","10.7","-0.3200000000000003","-2.90","13946"
"2017/05/24","11.02","11.03","10.99","11.02","0","0.00","6905"
"2017/05/23","11.01","11.04","10.98","11.02","-0.2400000000000002","-2.13","10798"
"2017/05/22","11.35","11.35","11.23","11.26","-0.9199999999999999","-7.55","12199"
"2017/05/19","12.18","12.25","12.18","12.18","0.07000000000000028","0.58","9352.003"
"2017/05/18","12.23","12.37","11.96","12.11","1.0299999999999994","9.30","28256"
"2017/05/17","10.95","11.15","10.93","11.08","0.3699999999999992","3.45","7974"
"2017/05/16","10.7","10.75","10.65","10.71","-0.1899999999999995","-1.74","5121"
"2017/05/15","10.96","10.96","10.89","10.9","-0.25","-2.24","4955"
"2017/05/12","11.12","11.15","11.11","11.15","0.05000000000000071","0.45","5979"
"2017/05/11","11.1","11.1","11.08","11.1","0.019999999999999574","0.18","2890"
"2017/05/10","11.09","11.1","11.04","11.08","0.0600000000000005","0.54","3965"
"2017/05/09","11.03","11.03","11","11.02","-0.17999999999999972","-1.61","4967.091"
"2017/05/08","11.24","11.25","11.18","11.2","-0.19000000000000128","-1.67","4488"
"2017/05/05","11.26","11.4","11.24","11.39","-0.129999999999999","-1.13","6904"
"2017/05/04","11.5","11.52","11.46","11.52","0.09999999999999964","0.88","2441.036"
"2017/05/03","11.36","11.42","11.32","11.42","0.08000000000000007","0.71","3980"
"2017/05/02","11.3","11.34","11.28","11.34","-0.4399999999999995","-3.74","5606.1"
"2017/04/28","11.75","11.78","11.73","11.78","0.009999999999999787","0.08","4036"
"2017/04/27","11.79","11.79","11.73","11.77","-0.030000000000001137","-0.25","5355"
"2017/04/26","11.81","11.83","11.78","11.8","-0.23999999999999844","-1.99","7603"
"2017/04/25","12.15","12.17","12.03","12.04","-0.5500000000000007","-4.37","12453"
"2017/04/24","12.56","12.63","12.53","12.59","-0.7900000000000009","-5.90","8217.158"
"2017/04/21","13.4","13.44","13.38","13.38","-0.25","-1.83","3437.222"
"2017/04/20","13.61","13.67","13.59","13.63","0.1800000000000015","1.34","2955.5"
"2017/04/19","13.5","13.55","13.44","13.45","-0.05000000000000071","-0.37","2558"
"2017/04/18","13.52","13.53","13.46","13.5","-0.7699999999999996","-5.40","4303"
"2017/04/17","14.33","14.38","14.22","14.27","-0.09999999999999964","-0.70","4100.007"
"2017/04/14","14.28","14.39","14.2","14.37","0.3699999999999992","2.64","3917"
"2017/04/13","14.13","14.23","14","14","0","0.00","5868"
"2017/04/12","14.07","14.1","13.97","14","0.46000000000000085","3.40","6630"
"2017/04/11","13.41","13.61","13.39","13.54","0.7399999999999984","5.78","8615"
"2017/04/10","12.79","12.81","12.74","12.8","0.08999999999999986","0.71","2636"
"2017/04/07","12.53","13.03","12.5","12.71","-0.1399999999999988","-1.09","7477"
"2017/04/06","12.8","12.87","12.8","12.85","0.5099999999999998","4.13","4131"
"2017/04/05","12.26","12.4","12.25","12.34","0.10999999999999943","0.90","2870"
"2017/03/31","12.2","12.23","12.12","12.23","0.08999999999999986","0.74","3264"
"2017/03/30","12.1","12.14","12.07","12.14","-0.049999999999998934","-0.41","3076"
"2017/03/29","12.2","12.2","12.08","12.19","-0.5400000000000009","-4.24","4975"
"2017/03/28","12.76","12.76","12.69","12.73","-0.75","-5.56","4793"
"2017/03/27","13.46","13.51","13.42","13.48","0.28000000000000114","2.12","5741"
"2017/03/24","13.14","13.21","13.14","13.2","0.20999999999999908","1.62","3719"
"2017/03/23","12.98","12.99","12.96","12.99","-0.09999999999999964","-0.76","2629"
"2017/03/22","12.9","13.15","12.9","13.09","0.7799999999999994","6.34","5270"
"2017/03/21","12.44","12.44","12.28","12.31","-0.28999999999999915","-2.30","2225"
"2017/03/20","12.59","12.62","12.59","12.6","0.02999999999999936","0.24","2433"
"2017/03/17","12.6","12.6","12.55","12.57","-0.28999999999999915","-2.26","3035"
"2017/03/16","12.9","12.9","12.81","12.86","-0.4400000000000013","-3.31","5044"
"2017/03/15","13.33","13.34","13.28","13.3","0.20000000000000107","1.53","2111"
"2017/03/14","13.25","13.3","13.09","13.1","-0.3600000000000012","-2.67","4081"
"2017/03/13","13.55","13.55","13.44","13.46","-0.17999999999999972","-1.32","2186"
"2017/03/10","13.69","13.7","13.64","13.64","-0.049999999999998934","-0.37","2342"
"2017/03/09","13.7","13.71","13.68","13.69","-0.120000000000001","-0.87","2292"
"2017/03/08","13.69","13.89","13.68","13.81","0.16999999999999993","1.25","2433"
"2017/03/07","13.73","13.73","13.63","13.64","-0.33000000000000007","-2.36","4022"
"2017/03/06","13.98","13.98","13.92","13.97","-0.33000000000000007","-2.31","3248"
"2017/03/03","14.21","14.3","14.19","14.3","0.040000000000000924","0.28","2863"
"2017/03/02","14.17","14.29","14.17","14.26","0.019999999999999574","0.14","2220"
"2017/03/01","14.4","14.44","14.21","14.24","-0.35999999999999943","-2.47","5167"
"2017/02/24","14.48","14.63","14.48","14.6","0.3699999999999992","2.60","3548"
"2017/02/23","14.16","14.24","14.14","14.23","0.19000000000000128","1.35","3013"
"2017/02/22","13.98","14.06","13.98","14.04","0.16999999999999993","1.23","3334"
"2017/02/21","13.82","13.88","13.81","13.87","0.049999999999998934","0.36","1934"
"2017/02/20","13.89","13.89","13.82","13.82","-0.09999999999999964","-0.72","2537"
"2017/02/18","13.88","13.92","13.78","13.92","0.03999999999999915","0.29","877"
"2017/02/17","13.8","13.88","13.79","13.88","0.2400000000000002","1.76","3534"
"2017/02/16","13.6","13.66","13.6","13.64","0.5600000000000005","4.28","4077"
"2017/02/15","13.18","13.2","13.08","13.08","-0.7899999999999991","-5.70","4013.15"
"2017/02/14","13.9","13.93","13.85","13.87","-0.33000000000000007","-2.32","3350.241"
"2017/02/13","14.26","14.26","14.2","14.2","-0.4400000000000013","-3.01","2660.009"
"2017/02/10","14.66","14.67","14.6","14.64","-0.29999999999999893","-2.01","3087"
"2017/02/09","14.98","15.02","14.94","14.94","-0.05000000000000071","-0.33","2460"
"2017/02/08","14.94","15.06","14.94","14.99","0.07000000000000028","0.47","2717.158"
"2017/02/07","14.88","14.93","14.88","14.92","0.0600000000000005","0.40","2279.034"
"2017/02/06","14.96","14.96","14.85","14.86","-0.5200000000000014","-3.38","4390.008"
"2017/02/03","15.36","15.43","15.3","15.38","-0.009999999999999787","-0.06","2529"
"2017/02/02","15.36","15.39","15.16","15.39","-0.759999999999998","-4.71","3969"
"2017/01/24","16.26","16.26","16.13","16.15","-0.45000000000000284","-2.71","5580"
"2017/01/23","16.58","16.64","16.56","16.6","-0.48999999999999844","-2.87","3915"
"2017/01/20","17.06","17.1","17","17.09","0.16000000000000014","0.95","3577"
"2017/01/19","16.9","16.93","16.88","16.93","0.14000000000000057","0.83","2079"
"2017/01/18","16.98","16.98","16.79","16.79","-0.370000000000001","-2.16","5557"
"2017/01/17","17.16","17.2","17.09","17.16","-0.05999999999999872","-0.35","3787"
"2017/01/16","17.11","17.29","17.1","17.22","0.14000000000000057","0.82","5096"
"2017/01/13","17.1","17.13","17.08","17.08","-0.22000000000000242","-1.27","4039"
"2017/01/12","17.28","17.37","17.14","17.3","-0.3000000000000007","-1.70","4414"
"2017/01/11","17.59","17.63","17.55","17.6","-0.07000000000000028","-0.40","2709"
"2017/01/10","17.7","17.7","17.62","17.67","-0.019999999999999574","-0.11","3150"
"2017/01/09","17.7","17.7","17.65","17.69","-0.14999999999999858","-0.84","3597"
"2017/01/06","17.85","17.85","17.77","17.84","-0.23000000000000043","-1.27","3898"
"2017/01/05","18.26","18.26","18.07","18.07","-0.8500000000000014","-4.49","3053"
"2017/01/04","19.09","19.09","18.89","18.92","-1.1199999999999974","-5.59","2486"
"2017/01/03","20.05","20.16","20.03","20.04","0.10999999999999943","0.55","3421"