,FB_VIX,S&P 500,原油,美元,道瓊,那斯達克,恒生,上證,日經,總確診,每日確診
2017-01-03,20.04,2257.83,52.33,32.2640,19881.76,5429.08,22150.40,3135.92,,,
2017-01-04,18.92,2270.75,53.26,32.2270,19942.16,5477.00,22134.47,3158.79,19594.16,,
2017-01-05,18.07,2269.00,53.76,32.2290,19899.29,5487.94,22456.69,3165.41,19520.69,,
2017-01-06,17.84,2276.98,53.99,31.9430,19963.80,5521.06,22503.01,3154.32,19454.33,,
2017-01-09,17.69,2268.90,51.96,32.0410,19887.38,5531.82,22558.69,3171.24,19454.33,,
2017-01-10,17.67,2268.90,50.82,32.0030,19855.53,5551.82,22744.85,3161.67,19301.44,,
2017-01-11,17.6,2275.32,52.25,31.9290,19954.28,5563.65,22935.35,3136.75,19364.67,,
2017-01-12,17.3,2270.44,53.01,31.9140,19891.00,5547.49,22829.02,3119.29,19134.70,,
2017-01-13,17.08,2274.64,52.37,31.7060,19885.73,5574.12,22937.38,3112.76,19287.28,,
2017-01-16,17.22,2274.64,52.37,31.5820,19885.73,5574.12,22718.15,3103.43,19095.24,,
2017-01-17,17.16,2267.89,52.48,31.6810,19826.77,5538.73,22840.97,3108.77,18813.53,,
2017-01-18,16.79,2271.89,51.08,31.3510,19804.72,5555.65,23098.26,3113.01,18894.37,,
2017-01-19,16.93,2263.69,51.37,31.5790,19732.40,5540.08,23049.96,3101.30,19072.25,,
2017-01-20,17.09,2271.31,52.42,31.6130,19827.25,5555.33,22885.91,3123.14,19137.91,,
2017-01-23,16.6,2265.20,52.75,31.5230,19799.85,5552.94,22898.52,3136.77,18891.03,,
2017-01-24,16.15,2280.07,53.18,31.4120,19912.71,5600.96,22949.86,3142.55,18787.99,,
2017-02-02,15.39,2280.85,53.54,31.2810,19884.91,5636.20,23184.52,3142.55,18914.58,,
2017-02-03,15.38,2297.42,53.83,31.0800,20071.46,5666.77,23129.21,3140.17,18918.20,,
2017-02-06,14.86,2292.56,53.01,30.8520,20052.42,5663.55,23348.24,3156.98,18976.71,,
2017-02-07,14.92,2293.08,52.17,30.9220,20090.29,5674.22,23331.57,3153.09,18910.78,,
2017-02-08,14.99,2294.67,52.34,31.0300,20054.34,5682.45,23485.13,3166.98,19007.60,,
2017-02-09,14.94,2307.87,53.00,31.1110,20172.40,5715.18,23525.14,3183.18,18907.67,,
2017-02-10,14.64,2316.10,53.86,31.0400,20269.37,5734.13,23574.98,3196.70,19378.93,,
2017-02-13,14.2,2328.25,52.93,30.9520,20412.16,5763.96,23710.98,3216.84,19459.15,,
2017-02-14,13.87,2337.58,53.20,31.0100,20504.41,5782.57,23703.01,3217.93,19238.98,,
2017-02-15,13.08,2349.25,53.11,30.7550,20611.86,5819.44,23994.87,3212.99,19437.98,,
2017-02-16,13.64,2347.22,53.36,30.7480,20619.77,5814.90,24107.70,3229.62,19347.53,,
2017-02-16,13.64,2347.22,53.36,30.7480,20619.77,5814.90,24107.70,3229.62,19347.53,,
2017-02-16,13.64,2347.22,53.36,30.7480,20619.77,5814.90,24107.70,3229.62,19347.53,,
2017-02-16,13.64,2347.22,53.36,30.7480,20619.77,5814.90,24107.70,3229.62,19347.53,,
2017-02-16,13.64,2347.22,53.36,30.7480,20619.77,5814.90,24107.70,3229.62,19347.53,,
2017-02-16,13.64,2347.22,53.36,30.7480,20619.77,5814.90,24107.70,3229.62,19347.53,,
2017-02-16,13.64,2347.22,53.36,30.7480,20619.77,5814.90,24107.70,3229.62,19347.53,,
2017-02-16,13.64,2347.22,53.36,30.7480,20619.77,5814.90,24107.70,3229.62,19347.53,,
2017-02-16,13.64,2347.22,53.36,30.7480,20619.77,5814.90,24107.70,3229.62,19347.53,,
2017-02-16,13.64,2347.22,53.36,30.7480,20619.77,5814.90,24107.70,3229.62,19347.53,,
2017-02-16,13.64,2347.22,53.36,30.7480,20619.77,5814.90,24107.70,3229.62,19347.53,,
2017-02-16,13.64,2347.22,53.36,30.7480,20619.77,5814.90,24107.70,3229.62,19347.53,,
2017-02-16,13.64,2347.22,53.36,30.7480,20619.77,5814.90,24107.70,3229.62,19347.53,,
2017-02-16,13.64,2347.22,53.36,30.7480,20619.77,5814.90,24107.70,3229.62,19347.53,,
2017-02-16,13.64,2347.22,53.36,30.7480,20619.77,5814.90,24107.70,3229.62,19347.53,,
2017-02-16,13.64,2347.22,53.36,30.7480,20619.77,5814.90,24107.70,3229.62,19347.53,,
2017-02-16,13.64,2347.22,53.36,30.7480,20619.77,5814.90,24107.70,3229.62,19347.53,,
2017-02-16,13.64,2347.22,53.36,30.7480,20619.77,5814.90,24107.70,3229.62,19347.53,,
2017-02-16,13.64,2347.22,53.36,30.7480,20619.77,5814.90,24107.70,3229.62,19347.53,,
2017-02-16,13.64,2347.22,53.36,30.7480,20619.77,5814.90,24107.70,3229.62,19347.53,,
2017-02-16,13.64,2347.22,53.36,30.7480,20619.77,5814.90,24107.70,3229.62,19347.53,,
2017-02-16,13.64,2347.22,53.36,30.7480,20619.77,5814.90,24107.70,3229.62,19347.53,,
2017-02-16,13.64,2347.22,53.36,30.7480,20619.77,5814.90,24107.70,3229.62,19347.53,,
2017-02-16,13.64,2347.22,53.36,30.7480,20619.77,5814.90,24107.70,3229.62,19347.53,,
2017-02-16,13.64,2347.22,53.36,30.7480,20619.77,5814.90,24107.70,3229.62,19347.53,,
2017-02-16,13.64,2347.22,53.36,30.7480,20619.77,5814.90,24107.70,3229.62,19347.53,,
2017-02-16,13.64,2347.22,53.36,30.7480,20619.77,5814.90,24107.70,3229.62,19347.53,,
2017-02-16,13.64,2347.22,53.36,30.7480,20619.77,5814.90,24107.70,3229.62,19347.53,,
2017-02-16,13.64,2347.22,53.36,30.7480,20619.77,5814.90,24107.70,3229.62,19347.53,,
2017-02-16,13.64,2347.22,53.36,30.7480,20619.77,5814.90,24107.70,3229.62,19347.53,,
2017-02-16,13.64,2347.22,53.36,30.7480,20619.77,5814.90,24107.70,3229.62,19347.53,,
2017-02-16,13.64,2347.22,53.36,30.7480,20619.77,5814.90,24107.70,3229.62,19347.53,,
2017-02-17,13.88,2351.16,53.40,30.7800,20624.05,5838.58,24033.74,3202.08,19234.62,,
2017-02-18,13.92,2351.16,53.40,30.7800,20624.05,5838.58,24033.74,3202.08,19234.62,,
2017-02-20,13.82,2351.16,53.40,30.9000,20624.05,5838.58,24146.08,3239.96,19251.08,,
2017-02-21,13.87,2365.38,54.06,30.7830,20743.00,5865.95,23963.63,3253.33,19381.44,,
2017-02-22,14.04,2362.82,53.59,30.7880,20775.60,5860.63,24201.96,3261.22,19379.87,,
2017-02-23,14.23,2363.81,54.45,30.7680,20810.32,5835.51,24114.86,3251.38,19371.46,,
2017-02-24,14.6,2367.34,53.99,30.7200,20821.76,5845.31,23965.70,3253.43,19283.54,,
2017-03-01,14.24,2395.96,53.83,30.6400,21115.55,5904.03,23776.49,3246.93,19393.54,,
2017-03-02,14.26,2381.92,52.61,30.7570,21002.97,5861.22,23728.07,3230.03,19564.80,,
2017-03-03,14.3,2383.12,53.33,30.7850,21005.71,5870.75,23552.72,3218.31,19469.17,,
2017-03-06,13.97,2375.31,53.20,30.9060,20954.34,5849.18,23596.28,3233.87,19379.14,,
2017-03-07,13.64,2368.39,53.14,30.9680,20924.76,5833.93,23681.07,3242.41,19344.15,,
2017-03-08,13.81,2362.98,50.28,30.8410,20855.73,5837.55,23782.27,3240.67,19254.03,,
2017-03-09,13.69,2364.87,49.28,30.8700,20858.19,5838.81,23501.56,3216.75,19318.58,,
2017-03-10,13.64,2372.60,48.49,31.0160,20902.98,5861.73,23568.67,3212.76,19604.61,,
2017-03-13,13.46,2373.47,48.40,31.0280,20881.48,5875.78,23829.67,3237.02,19633.75,,
2017-03-14,13.1,2365.45,47.72,30.9240,20837.37,5856.82,23827.95,3239.33,19609.50,,
2017-03-15,13.3,2385.26,48.86,30.9480,20950.10,5900.05,23792.85,3241.76,19577.38,,
2017-03-16,12.86,2381.38,48.75,30.5050,20934.55,5900.76,24288.28,3268.94,19590.14,,
2017-03-17,12.57,2378.25,48.78,30.6540,20914.62,5901.00,24309.93,3237.45,19521.59,,
2017-03-20,12.6,2373.47,48.22,30.5180,20905.86,5901.53,24501.99,3250.81,19521.59,,
2017-03-21,12.31,2344.02,47.34,30.5070,20668.01,5793.83,24593.12,3261.61,19455.88,,
2017-03-22,13.09,2348.45,48.04,30.4360,20661.30,5821.64,24320.41,3245.22,19041.38,,
2017-03-23,12.99,2345.96,47.70,30.4910,20656.58,5817.69,24327.70,3248.55,19085.31,,
2017-03-24,13.2,2343.98,47.97,30.4610,20596.72,5828.74,24358.27,3269.45,19262.53,,
2017-03-27,13.48,2341.59,47.73,30.3250,20550.98,5840.37,24193.70,3266.96,18985.59,,
2017-03-28,12.73,2358.57,48.37,30.2300,20701.50,5875.14,24345.87,3252.95,19202.87,,
2017-03-29,12.19,2361.13,49.51,30.1630,20659.32,5897.55,24392.05,3241.31,19217.48,,
2017-03-30,12.14,2368.06,50.35,30.2630,20728.49,5914.34,24301.09,3210.24,19063.22,,
2017-03-31,12.23,2362.72,50.60,30.2980,20663.22,5911.74,24111.59,3222.51,18909.26,,
2017-04-05,12.34,2352.95,51.15,30.4630,20648.15,5864.48,24400.80,3270.30,18861.27,,
2017-04-06,12.85,2357.49,51.70,30.3750,20662.95,5878.95,24273.72,3281.00,18597.06,,
2017-04-07,12.71,2355.54,52.24,30.5510,20656.10,5877.81,24267.30,3286.62,18664.63,,
2017-04-10,12.8,2357.16,53.08,30.5960,20658.02,5880.93,24262.18,3269.39,18797.88,,
2017-04-11,13.54,2353.78,53.40,30.6290,20651.30,5866.77,24088.46,3288.97,18747.87,,
2017-04-12,14.0,2344.93,53.11,30.6270,20591.86,5836.16,24313.50,3273.83,18552.61,,
2017-04-13,14.0,2328.95,53.18,30.3710,20453.25,5805.15,24261.66,3275.96,18426.84,,
2017-04-14,14.37,2328.95,53.18,30.3080,20453.25,5805.15,24261.66,3244.48,18335.63,,
2017-04-17,14.27,2349.01,52.65,30.3840,20636.92,5856.79,24261.66,3222.17,18355.26,,
2017-04-18,13.5,2342.19,52.41,30.3300,20523.28,5849.47,23924.54,3196.71,18418.59,,
2017-04-19,13.45,2338.17,50.44,30.3830,20404.49,5863.03,23825.88,3170.69,18432.20,,
2017-04-20,13.63,2355.84,50.27,30.4000,20578.71,5916.78,24056.98,3172.10,18430.49,,
2017-04-21,13.38,2348.69,49.62,30.3900,20547.76,5910.52,24042.02,3173.15,18620.75,,
2017-04-24,12.59,2374.15,49.23,30.3420,20763.89,5983.82,24139.48,3129.53,18875.88,,
2017-04-25,12.04,2388.61,49.56,30.2530,20996.12,6025.49,24455.94,3134.57,19079.33,,
2017-04-26,11.8,2387.45,49.62,30.1280,20975.09,6025.23,24578.43,3140.85,19289.43,,
2017-04-27,11.77,2388.77,48.97,30.1110,20981.33,6048.94,24698.48,3152.19,19251.87,,
2017-04-28,11.78,2384.20,49.33,30.1460,20940.51,6047.61,24615.13,3154.66,19196.74,,
2017-05-02,11.34,2391.17,47.66,30.1950,20949.89,6095.37,24696.13,3143.71,19445.70,,
2017-05-03,11.42,2388.13,47.82,30.0380,20957.90,6072.55,24696.13,3135.35,19445.70,,
2017-05-04,11.52,2389.52,45.52,30.0430,20951.47,6075.34,24683.88,3127.37,19445.70,,
2017-05-05,11.39,2399.29,46.22,30.1190,21006.94,6100.76,24476.35,3103.04,19445.70,,
2017-05-08,11.2,2399.38,46.43,30.1610,21012.28,6102.66,24577.91,3078.61,19895.70,,
2017-05-09,11.02,2396.92,45.88,30.1460,20975.78,6120.59,24889.03,3080.53,19843.00,,
2017-05-10,11.08,2399.63,47.33,30.2320,20943.11,6129.14,25015.42,3052.78,19900.09,,
2017-05-11,11.1,2394.44,47.83,30.2440,20919.42,6115.96,25125.55,3061.50,19961.55,,
2017-05-12,11.15,2390.90,47.84,30.1900,20896.61,6121.23,25156.34,3083.51,19883.90,,
2017-05-15,10.9,2402.32,48.85,30.1400,20981.94,6149.67,25371.59,3090.23,19869.85,,
2017-05-16,10.71,2400.67,48.66,30.0400,20979.75,6169.87,25335.94,3112.96,19919.82,,
2017-05-17,11.08,2357.03,49.07,30.0980,20606.93,6011.24,25293.63,3104.44,19814.88,,
2017-05-18,12.11,2365.72,49.35,30.1160,20663.02,6055.13,25136.52,3090.14,19553.86,,
2017-05-18,12.11,2365.72,49.35,30.1160,20663.02,6055.13,25136.52,3090.14,19553.86,,
2017-05-18,12.11,2365.72,49.35,30.1160,20663.02,6055.13,25136.52,3090.14,19553.86,,
2017-05-18,12.11,2365.72,49.35,30.1160,20663.02,6055.13,25136.52,3090.14,19553.86,,
2017-05-18,12.11,2365.72,49.35,30.1160,20663.02,6055.13,25136.52,3090.14,19553.86,,
2017-05-18,12.11,2365.72,49.35,30.1160,20663.02,6055.13,25136.52,3090.14,19553.86,,
2017-05-18,12.11,2365.72,49.35,30.1160,20663.02,6055.13,25136.52,3090.14,19553.86,,
2017-05-18,12.11,2365.72,49.35,30.1160,20663.02,6055.13,25136.52,3090.14,19553.86,,
2017-05-18,12.11,2365.72,49.35,30.1160,20663.02,6055.13,25136.52,3090.14,19553.86,,
2017-05-18,12.11,2365.72,49.35,30.1160,20663.02,6055.13,25136.52,3090.14,19553.86,,
2017-05-18,12.11,2365.72,49.35,30.1160,20663.02,6055.13,25136.52,3090.14,19553.86,,
2017-05-18,12.11,2365.72,49.35,30.1160,20663.02,6055.13,25136.52,3090.14,19553.86,,
2017-05-18,12.11,2365.72,49.35,30.1160,20663.02,6055.13,25136.52,3090.14,19553.86,,
2017-05-18,12.11,2365.72,49.35,30.1160,20663.02,6055.13,25136.52,3090.14,19553.86,,
2017-05-18,12.11,2365.72,49.35,30.1160,20663.02,6055.13,25136.52,3090.14,19553.86,,
2017-05-18,12.11,2365.72,49.35,30.1160,20663.02,6055.13,25136.52,3090.14,19553.86,,
2017-05-18,12.11,2365.72,49.35,30.1160,20663.02,6055.13,25136.52,3090.14,19553.86,,
2017-05-18,12.11,2365.72,49.35,30.1160,20663.02,6055.13,25136.52,3090.14,19553.86,,
2017-05-18,12.11,2365.72,49.35,30.1160,20663.02,6055.13,25136.52,3090.14,19553.86,,
2017-05-18,12.11,2365.72,49.35,30.1160,20663.02,6055.13,25136.52,3090.14,19553.86,,
2017-05-18,12.11,2365.72,49.35,30.1160,20663.02,6055.13,25136.52,3090.14,19553.86,,
2017-05-18,12.11,2365.72,49.35,30.1160,20663.02,6055.13,25136.52,3090.14,19553.86,,
2017-05-18,12.11,2365.72,49.35,30.1160,20663.02,6055.13,25136.52,3090.14,19553.86,,
2017-05-18,12.11,2365.72,49.35,30.1160,20663.02,6055.13,25136.52,3090.14,19553.86,,
2017-05-18,12.11,2365.72,49.35,30.1160,20663.02,6055.13,25136.52,3090.14,19553.86,,
2017-05-18,12.11,2365.72,49.35,30.1160,20663.02,6055.13,25136.52,3090.14,19553.86,,
2017-05-18,12.11,2365.72,49.35,30.1160,20663.02,6055.13,25136.52,3090.14,19553.86,,
2017-05-18,12.11,2365.72,49.35,30.1160,20663.02,6055.13,25136.52,3090.14,19553.86,,
2017-05-18,12.11,2365.72,49.35,30.1160,20663.02,6055.13,25136.52,3090.14,19553.86,,
2017-05-18,12.11,2365.72,49.35,30.1160,20663.02,6055.13,25136.52,3090.14,19553.86,,
2017-05-18,12.11,2365.72,49.35,30.1160,20663.02,6055.13,25136.52,3090.14,19553.86,,
2017-05-18,12.11,2365.72,49.35,30.1160,20663.02,6055.13,25136.52,3090.14,19553.86,,
2017-05-19,12.18,2381.73,50.33,30.1980,20804.84,6083.70,25174.87,3090.63,19590.76,,
2017-05-22,11.26,2394.02,50.73,29.9950,20894.83,6133.62,25391.34,3075.68,19678.28,,
2017-05-23,11.02,2398.42,51.47,30.0340,20937.91,6138.71,25403.15,3061.95,19613.28,,
2017-05-24,11.02,2404.39,51.36,30.1340,21012.42,6163.02,25428.50,3064.08,19742.98,,
2017-05-25,10.7,2415.07,48.90,30.1570,21082.95,6205.26,25630.78,3107.83,19813.13,,
2017-05-26,10.68,2415.82,49.80,30.0610,21080.28,6210.19,25639.27,3110.06,19686.84,,
2017-05-31,10.49,2411.80,48.32,30.0980,21008.65,6198.52,25660.65,3117.18,19650.57,,
2017-06-01,10.46,2430.06,48.36,30.0810,21144.18,6246.83,25809.22,3102.62,19860.03,,
2017-06-02,10.22,2439.07,47.66,30.0920,21206.29,6305.80,25924.05,3105.54,20177.28,,
2017-06-03,10.34,2439.07,47.66,30.0920,21206.29,6305.80,25924.05,3105.54,20177.28,,
2017-06-05,10.3,2436.10,47.40,30.0930,21184.04,6295.68,25862.99,3091.66,20170.82,,
2017-06-06,10.41,2429.33,48.19,30.0680,21136.23,6275.06,25997.14,3102.13,19979.90,,
2017-06-07,10.51,2433.14,45.72,30.0740,21173.69,6297.38,25974.16,3140.32,19984.62,,
2017-06-08,10.45,2433.79,45.64,30.1650,21182.53,6321.76,26063.06,3150.33,19909.26,,
2017-06-09,10.25,2431.77,45.83,30.0860,21271.97,6207.92,26030.29,3158.40,20013.26,,
2017-06-12,10.49,2429.39,46.08,30.1730,21235.67,6175.46,25708.04,3139.88,19908.58,,
2017-06-13,10.38,2440.35,46.46,30.1550,21328.47,6220.37,25852.10,3153.74,19898.75,,
2017-06-14,10.16,2437.92,44.73,30.2050,21374.56,6194.89,25875.90,3130.67,19883.52,,
2017-06-15,10.23,2432.46,44.46,30.1980,21359.90,6165.50,25565.34,3132.49,19831.82,,
2017-06-16,10.16,2433.15,44.74,30.2290,21384.28,6151.76,25626.49,3123.17,19943.26,,
2017-06-19,10.06,2453.46,44.20,30.3220,21528.99,6239.01,25924.55,3144.37,20067.75,,
2017-06-20,9.86,2437.03,43.23,30.3560,21467.14,6188.03,25843.04,3140.01,20230.41,,
2017-06-21,9.98,2435.61,42.53,30.4700,21410.03,6233.95,25694.58,3156.21,20138.79,,
2017-06-22,10.03,2434.50,42.74,30.4420,21397.29,6236.69,25674.53,3147.45,20110.51,,
2017-06-23,9.93,2438.30,43.01,30.4270,21394.76,6265.25,25670.05,3157.87,20132.67,,
2017-06-26,9.75,2439.07,43.38,30.2440,21409.55,6247.15,25871.89,3185.44,20153.35,,
2017-06-27,9.6,2419.38,44.24,30.3130,21310.66,6146.62,25839.99,3191.20,20225.09,,
2017-06-28,10.03,2440.69,44.74,30.3800,21454.61,6234.41,25683.50,3173.20,20130.41,,
2017-06-29,9.63,2419.70,44.93,30.4160,21287.03,6144.35,25965.42,3188.06,20220.30,,
2017-06-30,9.97,2423.41,46.04,30.3530,21349.63,6140.42,25764.58,3192.43,20033.43,,
2017-07-03,9.97,2429.01,46.04,30.4170,21479.27,6110.06,25784.17,3195.91,20055.80,,
2017-07-04,10.18,2429.01,46.04,30.4170,21479.27,6110.06,25389.01,3182.80,20032.35,,
2017-07-05,10.15,2432.54,45.13,30.5110,21478.17,6150.86,25521.97,3207.13,20081.63,,
2017-07-06,10.15,2409.75,45.52,30.4850,21320.04,6089.46,25465.22,3212.44,19994.06,,
2017-07-07,10.48,2425.18,44.23,30.5780,21414.34,6153.08,25340.85,3217.96,19929.09,,
2017-07-10,10.18,2427.43,44.40,30.5880,21408.52,6176.39,25500.06,3212.63,20080.98,,
2017-07-11,10.12,2425.53,45.04,30.5880,21409.07,6193.30,25877.64,3203.04,20195.48,,
2017-07-12,10.02,2443.25,45.49,30.5700,21532.14,6261.17,26043.64,3197.54,20098.38,,
2017-07-13,9.78,2447.83,46.08,30.4650,21553.09,6274.44,26346.17,3218.16,20099.81,,
2017-07-14,9.72,2459.27,46.54,30.3610,21637.74,6312.47,26389.23,3222.42,20118.86,,
2017-07-17,9.5,2459.14,46.02,30.3440,21629.72,6314.43,26470.58,3176.47,20118.86,,
2017-07-18,9.47,2460.61,46.40,30.3970,21574.73,6344.31,26524.94,3187.57,19999.91,,
2017-07-19,9.34,2473.83,47.12,30.3510,21640.75,6385.04,26672.16,3230.98,20020.86,,
2017-07-20,9.2,2473.45,46.79,30.3770,21611.78,6390.00,26740.21,3244.86,20144.59,,
2017-07-21,9.16,2472.54,45.77,30.4230,21580.07,6387.75,26706.09,3237.98,20099.75,,
2017-07-24,9.19,2469.91,46.34,30.4310,21513.17,6410.81,26846.83,3250.60,19975.67,,
2017-07-25,9.08,2477.13,47.89,30.3390,21613.43,6412.17,26852.05,3243.69,19955.20,,
2017-07-26,9.09,2477.83,48.75,30.3430,21711.01,6422.75,26941.02,3247.68,20050.16,,
2017-07-27,9.01,2475.42,49.04,30.2470,21796.55,6382.19,27131.17,3249.78,20079.64,,
2017-07-28,9.41,2472.10,49.71,30.2320,21830.31,6374.68,26979.39,3253.24,19959.84,,
2017-07-31,9.3,2470.30,50.17,30.2420,21891.12,6348.12,27323.99,3273.03,19925.18,,
2017-08-01,9.29,2476.35,49.16,30.2000,21963.92,6362.94,27540.23,3292.64,19985.79,,
2017-08-02,9.17,2477.57,49.59,30.2360,22016.24,6362.65,27607.38,3285.06,20080.04,,
2017-08-03,9.23,2472.16,49.03,30.2320,22026.10,6340.34,27531.01,3272.93,20029.26,,
2017-08-04,8.88,2476.83,49.58,30.2040,22092.81,6351.56,27562.68,3262.08,19952.33,,
2017-08-07,8.69,2480.91,49.39,30.2030,22118.42,6383.77,27690.36,3279.46,20055.89,,
2017-08-08,8.66,2474.92,49.17,30.2140,22085.34,6370.46,27854.91,3281.87,19996.01,,
2017-08-09,9.0,2474.02,49.56,30.1810,22048.70,6352.33,27757.09,3275.57,19738.71,,
2017-08-10,9.15,2438.21,48.59,30.2020,21844.01,6216.87,27444.00,3261.75,19729.74,,
2017-08-11,10.57,2441.32,48.82,30.2900,21858.32,6256.56,26883.51,3208.54,19729.74,,
2017-08-14,10.05,2465.84,47.59,30.3320,21993.71,6340.23,27250.23,3237.36,19537.10,,
2017-08-15,9.11,2464.61,47.55,30.2820,21998.99,6333.01,27174.96,3251.26,19753.31,,
2017-08-16,9.18,2468.11,46.78,30.2840,22024.87,6345.11,27409.07,3246.45,19729.28,,
2017-08-17,9.15,2430.01,47.09,30.3430,21750.73,6221.91,27344.22,3268.43,19702.63,,
2017-08-18,10.03,2425.55,48.51,30.2940,21674.51,6216.53,27047.57,3268.72,19470.41,,
2017-08-18,10.03,2425.55,48.51,30.2940,21674.51,6216.53,27047.57,3268.72,19470.41,,
2017-08-18,10.03,2425.55,48.51,30.2940,21674.51,6216.53,27047.57,3268.72,19470.41,,
2017-08-18,10.03,2425.55,48.51,30.2940,21674.51,6216.53,27047.57,3268.72,19470.41,,
2017-08-18,10.03,2425.55,48.51,30.2940,21674.51,6216.53,27047.57,3268.72,19470.41,,
2017-08-18,10.03,2425.55,48.51,30.2940,21674.51,6216.53,27047.57,3268.72,19470.41,,
2017-08-18,10.03,2425.55,48.51,30.2940,21674.51,6216.53,27047.57,3268.72,19470.41,,
2017-08-18,10.03,2425.55,48.51,30.2940,21674.51,6216.53,27047.57,3268.72,19470.41,,
2017-08-18,10.03,2425.55,48.51,30.2940,21674.51,6216.53,27047.57,3268.72,19470.41,,
2017-08-18,10.03,2425.55,48.51,30.2940,21674.51,6216.53,27047.57,3268.72,19470.41,,
2017-08-18,10.03,2425.55,48.51,30.2940,21674.51,6216.53,27047.57,3268.72,19470.41,,
2017-08-18,10.03,2425.55,48.51,30.2940,21674.51,6216.53,27047.57,3268.72,19470.41,,
2017-08-18,10.03,2425.55,48.51,30.2940,21674.51,6216.53,27047.57,3268.72,19470.41,,
2017-08-18,10.03,2425.55,48.51,30.2940,21674.51,6216.53,27047.57,3268.72,19470.41,,
2017-08-18,10.03,2425.55,48.51,30.2940,21674.51,6216.53,27047.57,3268.72,19470.41,,
2017-08-18,10.03,2425.55,48.51,30.2940,21674.51,6216.53,27047.57,3268.72,19470.41,,
2017-08-21,10.15,2428.37,47.37,30.3090,21703.75,6213.13,27154.68,3286.91,19393.13,,
2017-08-22,9.71,2452.51,47.64,30.3080,21899.89,6297.48,27401.67,3290.23,19383.84,,
2017-08-23,9.33,2444.04,48.41,30.2800,21812.09,6278.41,27401.67,3287.71,19434.64,,
2017-08-24,9.47,2438.97,47.43,30.2710,21783.40,6271.33,27518.60,3271.51,19353.77,,
2017-08-25,9.39,2443.05,47.87,30.2440,21813.67,6265.64,27848.16,3331.52,19452.61,,
2017-08-28,9.37,2444.24,46.57,30.1060,21808.40,6283.02,27863.29,3362.65,19449.90,,
2017-08-29,9.67,2446.30,46.44,30.1410,21865.37,6301.89,27765.01,3365.23,19362.55,,
2017-08-30,9.28,2457.59,45.96,30.1810,21892.43,6368.31,28094.61,3363.63,19506.54,,
2017-08-31,9.29,2471.65,47.23,30.1360,21948.10,6428.66,27970.30,3360.81,19646.24,,
2017-09-01,9.03,2476.55,47.29,30.1810,21987.56,6435.33,27953.16,3367.12,19691.47,,
2017-09-04,9.24,2476.55,47.29,30.1280,21987.56,6435.33,27740.26,3379.84,19508.25,,
2017-09-05,9.3,2457.85,48.66,30.0740,21753.31,6375.57,27741.35,3384.32,19385.81,,
2017-09-06,9.3,2465.54,49.16,30.0490,21807.64,6393.31,27613.76,3385.39,19357.97,,
2017-09-07,9.34,2465.10,49.09,30.0760,21784.78,6397.87,27522.92,3365.50,19396.52,,
2017-09-08,9.26,2461.43,47.48,30.0370,21797.79,6360.19,27668.47,3365.24,19274.82,,
2017-09-11,9.03,2488.11,48.07,29.9880,22057.37,6432.26,27955.13,3376.42,19545.77,,
2017-09-12,8.85,2496.48,48.23,30.0050,22118.86,6454.28,27972.24,3379.49,19776.62,,
2017-09-13,8.8,2498.37,49.30,30.0090,22158.18,6460.19,27894.08,3384.15,19865.82,,
2017-09-14,8.66,2495.62,49.89,30.0370,22203.48,6429.08,27777.20,3371.43,19807.44,,
2017-09-15,8.67,2500.23,49.89,30.0870,22268.34,6448.47,27807.59,3353.62,19909.50,,
2017-09-18,8.41,2503.87,49.91,30.0540,22331.35,6454.64,28159.77,3362.86,19909.50,,
2017-09-19,8.29,2506.65,49.48,30.0920,22370.80,6461.32,28051.41,3356.84,20299.38,,
2017-09-20,8.3,2508.24,50.41,30.1140,22412.59,6456.04,28127.80,3366.00,20310.46,,
2017-09-21,8.25,2500.60,50.55,30.1210,22359.23,6422.69,28110.33,3357.81,20347.48,,
2017-09-22,8.49,2502.22,50.66,30.1890,22349.59,6426.92,27880.53,3352.53,20296.45,,
2017-09-25,8.32,2496.66,52.22,30.1630,22296.09,6370.59,27500.34,3341.55,20397.58,,
2017-09-26,8.24,2496.84,51.88,30.2040,22284.32,6380.16,27513.01,3343.58,20330.19,,
2017-09-27,8.03,2507.04,52.14,30.1970,22340.71,6453.26,27642.43,3345.27,20267.05,,
2017-09-28,7.97,2510.06,51.56,30.2840,22381.20,6453.45,27421.60,3339.64,20363.11,,
2017-09-29,7.8,2519.36,51.67,30.3660,22405.09,6495.96,27554.30,3348.94,20356.28,,
2017-09-30,7.61,2519.36,51.67,30.3660,22405.09,6495.96,27554.30,3348.94,20356.28,,
2017-10-02,7.58,2529.12,50.58,30.3130,22557.60,6516.72,27554.30,3348.94,20400.78,,
2017-10-03,7.42,2534.58,50.42,30.4420,22641.67,6531.71,28173.21,3348.94,20614.07,,
2017-10-05,7.42,2552.07,50.79,30.4260,22775.39,6585.36,28173.21,3348.94,20628.56,,
2017-10-06,7.21,2549.33,49.29,30.3320,22773.67,6590.18,28458.04,3348.94,20690.71,,
2017-10-11,7.13,2555.24,51.30,30.3570,22872.89,6603.55,28389.57,3388.28,20881.27,,
2017-10-12,7.03,2550.93,50.60,30.2120,22841.01,6591.51,28459.03,3386.10,20954.72,,
2017-10-13,6.96,2553.17,51.45,30.1920,22871.72,6605.80,28476.43,3390.52,21155.18,,
2017-10-16,6.71,2557.64,51.87,30.1440,22956.96,6624.00,28692.80,3378.47,21255.56,,
2017-10-17,6.7,2559.36,51.88,30.1420,22997.44,6623.66,28697.49,3372.04,21336.12,,
2017-10-18,6.73,2561.26,52.04,30.1810,23157.60,6624.22,28711.76,3381.79,21363.05,,
2017-10-19,6.71,2562.10,51.29,30.1980,23163.04,6605.07,28159.09,3370.17,21448.52,,
2017-10-20,6.56,2575.21,51.47,30.2100,23328.63,6629.05,28487.24,3378.65,21457.64,,
2017-10-23,6.47,2564.98,51.90,30.2220,23273.96,6586.83,28305.88,3380.70,21696.65,,
2017-10-24,6.65,2569.13,52.47,30.2460,23441.76,6598.43,28154.97,3388.25,21805.17,,
2017-10-25,6.91,2557.15,52.18,30.2580,23329.46,6563.89,28302.89,3396.90,21707.62,,
2017-10-26,6.92,2560.40,52.64,30.2480,23400.86,6556.77,28202.38,3407.57,21739.78,,
2017-10-27,6.93,2581.07,53.90,30.2120,23434.19,6701.26,28438.85,3416.81,22008.45,,
2017-10-30,6.71,2572.83,54.15,30.1370,23348.74,6698.96,28336.19,3390.34,22011.67,,
2017-10-31,6.66,2575.26,54.38,30.1830,23377.24,6727.67,28245.54,3393.34,22011.61,,
2017-11-01,6.52,2579.36,54.30,30.1670,23435.01,6716.53,28594.06,3395.91,22420.08,,
2017-11-02,6.68,2579.85,54.54,30.1280,23516.26,6714.94,28518.64,3383.31,22539.12,,
2017-11-03,6.53,2587.84,55.64,30.1790,23539.19,6764.44,28603.61,3371.74,22539.12,,
2017-11-06,6.53,2591.13,57.35,30.1550,23548.42,6786.44,28596.80,3388.17,22548.35,,
2017-11-07,6.4,2590.64,57.20,30.1980,23557.23,6767.78,28994.34,3413.57,22937.60,,
2017-11-08,6.49,2594.38,56.81,30.1720,23563.36,6789.12,28907.60,3415.46,22913.82,,
2017-11-09,6.57,2584.62,57.17,30.1690,23461.94,6750.05,29136.57,3427.79,22868.71,,
2017-11-10,6.48,2582.30,56.74,30.1790,23422.21,6750.94,29120.92,3432.67,22681.42,,
2017-11-13,6.58,2584.84,56.76,30.1080,23439.70,6757.60,29182.18,3447.84,22380.99,,
2017-11-14,6.75,2578.87,55.70,30.1500,23409.47,6737.87,29152.12,3429.55,22380.01,,
2017-11-15,6.84,2564.62,55.33,30.1750,23271.28,6706.21,28851.69,3402.52,22028.32,,
2017-11-16,6.82,2585.64,55.14,30.1750,23458.36,6793.29,29018.76,3399.25,22351.12,,
2017-11-17,6.76,2578.85,56.55,30.1280,23358.24,6782.79,29199.04,3382.91,22396.80,,
2017-11-17,6.76,2578.85,56.55,30.1280,23358.24,6782.79,29199.04,3382.91,22396.80,,
2017-11-17,6.76,2578.85,56.55,30.1280,23358.24,6782.79,29199.04,3382.91,22396.80,,
2017-11-17,6.76,2578.85,56.55,30.1280,23358.24,6782.79,29199.04,3382.91,22396.80,,
2017-11-17,6.76,2578.85,56.55,30.1280,23358.24,6782.79,29199.04,3382.91,22396.80,,
2017-11-17,6.76,2578.85,56.55,30.1280,23358.24,6782.79,29199.04,3382.91,22396.80,,
2017-11-17,6.76,2578.85,56.55,30.1280,23358.24,6782.79,29199.04,3382.91,22396.80,,
2017-11-17,6.76,2578.85,56.55,30.1280,23358.24,6782.79,29199.04,3382.91,22396.80,,
2017-11-17,6.76,2578.85,56.55,30.1280,23358.24,6782.79,29199.04,3382.91,22396.80,,
2017-11-17,6.76,2578.85,56.55,30.1280,23358.24,6782.79,29199.04,3382.91,22396.80,,
2017-11-17,6.76,2578.85,56.55,30.1280,23358.24,6782.79,29199.04,3382.91,22396.80,,
2017-11-17,6.76,2578.85,56.55,30.1280,23358.24,6782.79,29199.04,3382.91,22396.80,,
2017-11-17,6.76,2578.85,56.55,30.1280,23358.24,6782.79,29199.04,3382.91,22396.80,,
2017-11-17,6.76,2578.85,56.55,30.1280,23358.24,6782.79,29199.04,3382.91,22396.80,,
2017-11-17,6.76,2578.85,56.55,30.1280,23358.24,6782.79,29199.04,3382.91,22396.80,,
2017-11-17,6.76,2578.85,56.55,30.1280,23358.24,6782.79,29199.04,3382.91,22396.80,,
2017-11-17,6.76,2578.85,56.55,30.1280,23358.24,6782.79,29199.04,3382.91,22396.80,,
2017-11-17,6.76,2578.85,56.55,30.1280,23358.24,6782.79,29199.04,3382.91,22396.80,,
2017-11-17,6.76,2578.85,56.55,30.1280,23358.24,6782.79,29199.04,3382.91,22396.80,,
2017-11-17,6.76,2578.85,56.55,30.1280,23358.24,6782.79,29199.04,3382.91,22396.80,,
2017-11-17,6.76,2578.85,56.55,30.1280,23358.24,6782.79,29199.04,3382.91,22396.80,,
2017-11-17,6.76,2578.85,56.55,30.1280,23358.24,6782.79,29199.04,3382.91,22396.80,,
2017-11-17,6.76,2578.85,56.55,30.1280,23358.24,6782.79,29199.04,3382.91,22396.80,,
2017-11-17,6.76,2578.85,56.55,30.1280,23358.24,6782.79,29199.04,3382.91,22396.80,,
2017-11-17,6.76,2578.85,56.55,30.1280,23358.24,6782.79,29199.04,3382.91,22396.80,,
2017-11-17,6.76,2578.85,56.55,30.1280,23358.24,6782.79,29199.04,3382.91,22396.80,,
2017-11-17,6.76,2578.85,56.55,30.1280,23358.24,6782.79,29199.04,3382.91,22396.80,,
2017-11-17,6.76,2578.85,56.55,30.1280,23358.24,6782.79,29199.04,3382.91,22396.80,,
2017-11-17,6.76,2578.85,56.55,30.1280,23358.24,6782.79,29199.04,3382.91,22396.80,,
2017-11-17,6.76,2578.85,56.55,30.1280,23358.24,6782.79,29199.04,3382.91,22396.80,,
2017-11-17,6.76,2578.85,56.55,30.1280,23358.24,6782.79,29199.04,3382.91,22396.80,,
2017-11-17,6.76,2578.85,56.55,30.1280,23358.24,6782.79,29199.04,3382.91,22396.80,,
2017-11-20,6.77,2582.14,56.09,30.0710,23430.33,6790.71,29260.31,3392.40,22261.76,,
2017-11-21,6.41,2599.03,56.83,30.0780,23590.83,6862.48,29818.07,3410.50,22416.48,,
2017-11-22,6.15,2597.08,58.02,29.9980,23526.18,6867.36,30003.49,3430.46,22523.15,,
2017-11-23,6.13,2597.08,58.02,29.9940,23526.18,6867.36,29707.94,3352.99,22523.15,,
2017-11-24,6.09,2602.42,58.02,30.0040,23557.99,6889.16,29866.32,3353.82,22550.85,,
2017-11-27,6.15,2601.42,58.11,29.9770,23580.78,6878.52,29686.19,3322.23,22495.99,,
2017-11-28,6.06,2627.04,57.99,29.9860,23836.71,6912.36,29680.85,3333.66,22486.24,,
2017-11-29,6.0,2626.07,57.30,29.9800,23940.68,6824.39,29623.83,3337.86,22597.20,,
2017-11-30,6.1,2647.58,57.40,29.9710,24272.35,6873.97,29177.35,3317.19,22724.96,,
2017-12-01,6.17,2642.22,58.36,29.9830,24231.59,6847.59,29074.24,3317.62,22819.03,,
2017-12-04,5.99,2639.44,57.47,29.9920,24290.05,6775.37,29138.28,3309.62,22707.16,,
2017-12-05,6.19,2629.57,57.62,30.0320,24180.64,6762.21,28842.80,3303.68,22622.38,,
2017-12-06,6.37,2629.27,55.96,29.9730,24140.91,6776.38,28224.80,3293.97,22177.04,,
2017-12-07,6.13,2636.98,56.69,29.9920,24211.48,6812.84,28303.19,3272.05,22498.03,,
2017-12-08,5.96,2651.50,57.36,30.0090,24329.16,6840.08,28639.85,3289.99,22811.08,,
2017-12-11,5.79,2659.99,57.99,30.0030,24386.03,6875.08,28965.29,3322.20,22938.73,,
2017-12-12,5.62,2664.11,57.14,30.0070,24504.80,6862.32,28793.88,3280.81,22866.17,,
2017-12-13,5.66,2662.85,56.60,30.0010,24585.43,6875.80,29222.10,3303.04,22758.07,,
2017-12-14,5.6,2652.01,57.04,30.0230,24508.66,6856.53,29166.38,3292.44,22694.45,,
2017-12-15,5.57,2675.81,57.30,30.0040,24651.74,6936.58,28848.11,3266.14,22553.22,,
2017-12-18,5.34,2690.16,57.16,29.9610,24792.20,6994.76,29050.41,3267.92,22901.77,,
2017-12-19,5.32,2681.47,57.46,29.9920,24754.75,6963.85,29253.66,3296.54,22868.00,,
2017-12-20,5.27,2679.25,58.09,29.9850,24726.65,6960.96,29234.09,3287.61,22891.72,,
2017-12-21,5.33,2684.57,58.36,29.9780,24782.29,6965.36,29367.06,3300.06,22866.10,,
2017-12-22,5.24,2683.34,58.47,29.9660,24754.06,6959.96,29578.01,3297.06,22902.76,,
2017-12-25,5.28,2683.34,58.47,29.8790,24754.06,6959.96,29578.01,3280.84,22939.18,,
2017-12-26,5.33,2680.50,59.97,29.9010,24746.21,6936.25,29578.01,3306.13,22892.69,,
2017-12-27,5.27,2682.62,59.64,29.9350,24774.30,6939.34,29597.66,3275.78,22911.21,,
2017-12-28,5.27,2687.54,59.84,29.9350,24837.51,6950.16,29863.71,3296.39,22783.98,,
2017-12-29,5.24,2673.61,60.42,29.8090,24719.22,6903.39,29919.15,3307.17,22764.94,,
2018-01-02,5.26,2695.81,60.37,29.7730,24824.01,7006.90,30515.31,3348.33,22764.94,,
2018-01-03,5.02,2713.06,61.63,29.6220,24922.68,7065.53,30560.95,3369.11,22764.94,,
2018-01-04,5.01,2723.99,62.01,29.5930,25075.13,7077.91,30736.48,3385.71,23506.33,,
2018-01-05,4.96,2743.15,61.44,29.5700,25295.87,7136.56,30814.64,3391.75,23714.53,,
2018-01-08,4.95,2747.71,61.73,29.4670,25283.00,7157.39,30899.53,3409.48,23714.53,,
2018-01-09,4.92,2751.29,62.96,29.5030,25385.80,7163.58,31011.41,3413.90,23849.99,,
2018-01-10,4.97,2748.23,63.57,29.5180,25369.13,7153.57,31073.72,3421.83,23788.20,,
2018-01-11,4.87,2767.56,63.80,29.5960,25574.73,7211.78,31120.39,3425.34,23710.43,,
2018-01-12,4.87,2786.24,64.30,29.5880,25803.19,7261.06,31412.54,3428.94,23653.82,,
2018-01-15,4.86,2786.24,64.30,29.5830,25803.19,7261.06,31338.87,3410.49,23714.88,,
2018-01-16,4.86,2776.42,63.73,29.5230,25792.86,7223.69,31904.75,3436.59,23951.81,,
2018-01-17,5.07,2802.56,63.97,29.5500,26115.65,7298.28,31983.41,3444.67,23868.34,,
2018-01-18,5.12,2798.03,63.95,29.5560,26017.81,7296.05,32121.94,3474.75,23763.37,,
2018-01-19,5.13,2810.30,63.37,29.5430,26071.72,7336.38,32254.89,3487.86,23808.06,,
2018-01-22,5.08,2832.97,63.49,29.3640,26214.60,7408.03,32393.41,3501.36,23816.33,,
2018-01-23,4.95,2839.13,64.47,29.2620,26210.81,7460.29,32930.70,3546.50,24124.15,,
2018-01-24,5.06,2837.54,65.61,29.2680,26252.12,7415.06,32958.69,3559.47,23940.78,,
2018-01-25,5.15,2839.25,65.51,29.0880,26392.79,7411.16,32654.45,3548.31,23669.49,,
2018-01-26,5.2,2872.87,66.14,29.0640,26616.71,7505.77,33154.12,3558.13,23631.88,,
2018-01-29,5.19,2853.53,65.56,29.0980,26439.48,7466.51,32966.89,3523.00,23629.34,,
2018-01-30,5.77,2822.43,64.50,29.1310,26076.89,7402.48,32607.29,3488.01,23291.97,,
2018-01-31,5.66,2823.81,64.73,29.2200,26149.39,7411.48,32887.27,3480.83,23098.29,,
2018-02-01,5.52,2821.98,65.80,29.1420,26186.71,7385.86,32642.09,3446.98,23486.11,,
2018-02-02,5.44,2762.13,65.45,29.1870,25520.96,7240.95,32601.78,3462.08,23274.53,,
2018-02-05,6.34,2648.94,64.15,29.3460,24345.75,6967.53,32245.22,3487.50,22682.08,,
2018-02-06,9.95,2695.14,63.39,29.3010,24912.77,7115.88,30595.42,3370.65,21610.24,,
2018-02-07,8.77,2681.66,61.79,29.3750,24893.35,7051.98,30323.20,3309.26,21645.37,,
2018-02-08,8.52,2581.00,61.15,29.2640,23860.46,6777.16,30451.27,3262.05,21890.86,,
2018-02-09,9.81,2619.55,59.20,29.3690,24190.90,6874.49,29507.42,3129.85,21382.62,,
2018-02-12,9.12,2656.00,59.29,29.3060,24601.27,6981.96,29459.63,3154.13,21382.62,,
2018-02-21,8.37,2701.33,61.68,29.3190,24797.78,7218.23,31431.89,3154.13,21970.81,,
2018-02-22,8.56,2703.96,62.77,29.2180,24962.48,7210.09,30965.68,3268.56,21736.44,,
2018-02-23,8.13,2747.30,63.55,29.2810,25309.99,7337.39,31267.17,3289.02,21892.78,,
2018-02-26,7.6,2779.60,63.91,28.4790,25709.27,7421.46,31498.60,3329.57,22153.63,,
2018-02-27,7.39,2744.28,63.01,29.2020,25410.03,7330.35,31268.66,3292.07,22389.86,,
2018-03-01,8.31,2677.67,60.99,29.3330,24608.98,7180.56,31044.25,3273.75,21724.47,,
2018-03-02,8.83,2691.25,61.25,29.2890,24538.06,7257.87,30583.45,3254.53,21181.64,,
2018-03-05,8.83,2720.94,62.57,29.2680,24874.76,7330.71,29886.39,3256.93,21042.09,,
2018-03-06,8.26,2728.12,62.60,29.2570,24884.12,7372.01,30510.73,3289.64,21417.76,,
2018-03-07,8.79,2726.80,61.15,29.1990,24801.36,7396.65,30196.92,3271.67,21252.72,,
2018-03-08,8.21,2738.97,60.12,29.2570,24895.21,7427.95,30654.52,3288.41,21368.07,,
2018-03-09,7.95,2786.57,62.04,29.3290,25335.74,7560.81,30996.21,3307.17,21469.20,,
2018-03-12,7.3,2783.02,61.36,29.2480,25178.61,7588.32,31594.33,3326.70,21824.03,,
2018-03-13,7.49,2765.31,60.71,29.2560,25007.03,7511.01,31601.45,3310.24,21968.10,,
2018-03-14,7.7,2749.48,60.96,29.2570,24758.12,7496.81,31435.01,3291.38,21777.29,,
2018-03-15,7.78,2747.33,61.19,29.1730,24873.66,7481.74,31541.10,3291.11,21803.95,,
2018-03-16,7.63,2752.01,62.34,29.1280,24946.51,7481.99,31501.97,3269.88,21676.51,,
2018-03-19,7.56,2712.92,62.06,29.1130,24610.91,7344.24,31513.76,3279.25,21480.90,,
2018-03-20,7.91,2716.94,63.40,29.1570,24727.27,7364.30,31549.93,3290.64,21380.97,,
2018-03-21,7.89,2711.93,65.17,29.1450,24682.31,7345.29,31414.52,3280.95,21380.97,,
2018-03-22,7.92,2643.69,64.30,29.0720,23957.89,7166.68,31071.05,3263.48,21591.99,,
2018-03-23,8.94,2588.26,65.88,29.1770,23533.20,6992.67,30309.29,3152.76,20617.86,,
2018-03-26,8.78,2658.55,65.55,29.1770,24202.60,7220.54,30548.77,3133.72,20766.10,,
2018-03-27,8.7,2612.62,65.25,29.0750,23857.71,7008.81,30790.83,3166.65,21317.32,,
2018-03-28,9.37,2605.00,64.38,29.1770,23848.42,6949.23,30022.53,3122.29,21031.31,,
2018-03-29,9.5,2640.87,64.94,29.1370,24103.11,7063.45,30093.38,3160.53,21159.08,,
2018-03-30,9.16,2640.87,64.94,29.1020,24103.11,7063.45,30093.38,3168.90,21454.30,,
2018-03-31,9.14,2640.87,64.94,29.1020,24103.11,7063.45,30093.38,3168.90,21454.30,,
2018-04-02,9.03,2581.88,63.01,28.9740,23644.19,6870.12,30093.38,3163.18,21388.58,,
2018-04-03,9.5,2614.45,63.51,29.1420,24033.36,6941.28,30180.10,3136.63,21292.29,,
2018-04-09,9.15,2613.16,63.42,29.3100,23979.10,6950.34,30229.58,3138.29,21678.26,,
2018-04-10,9.17,2656.87,65.51,29.2420,24408.00,7094.30,30728.74,3190.32,21794.32,,
2018-04-11,9.36,2642.19,66.82,29.1900,24189.45,7069.03,30897.71,3208.08,21687.10,,
2018-04-12,9.25,2663.99,67.07,29.1860,24483.05,7140.25,30831.28,3180.16,21660.28,,
2018-04-13,8.94,2656.30,67.39,29.2840,24360.14,7106.65,30808.38,3159.05,21778.74,,
2018-04-16,8.54,2677.84,66.22,29.3090,24573.04,7156.28,30315.59,3110.65,21835.53,,
2018-04-17,8.22,2706.39,66.52,29.3460,24786.63,7281.10,30062.75,3066.80,21847.59,,
2018-04-18,7.74,2708.64,68.47,29.3740,24748.07,7295.24,30284.25,3091.40,22158.20,,
2018-04-19,7.71,2693.13,68.29,29.2800,24664.89,7238.06,30708.44,3117.38,22191.18,,
2018-04-20,7.88,2670.14,68.38,29.3830,24462.94,7146.13,30418.33,3071.54,22162.24,,
2018-04-23,7.91,2670.29,68.64,29.4680,24448.69,7128.60,30254.40,3068.01,22088.04,,
2018-04-24,7.93,2634.56,67.70,29.5980,24024.13,7007.35,30636.24,3128.93,22278.12,,
2018-04-25,8.43,2639.40,68.05,29.6120,24083.83,7003.74,30328.15,3117.97,22215.32,,
2018-04-26,8.37,2666.94,68.19,29.6780,24322.34,7118.68,30007.68,3075.03,22319.61,,
2018-04-27,8.07,2669.91,68.10,29.6330,24311.19,7119.80,30280.67,3082.23,22467.87,,
2018-04-30,7.76,2648.05,68.57,29.5400,24163.15,7066.27,30808.45,3082.23,22467.87,,
2018-05-02,7.83,2635.67,67.93,29.6970,23924.98,7100.90,30723.88,3081.18,22472.78,,
2018-05-03,7.86,2629.73,68.43,29.7730,23930.15,7088.15,30313.37,3100.86,22472.78,,
2018-05-04,7.85,2663.42,69.72,29.6680,24262.51,7209.62,29926.50,3091.03,22472.78,,
2018-05-07,7.6,2672.63,70.73,29.6740,24357.32,7265.21,29994.26,3136.65,22467.16,,
2018-05-08,7.65,2671.92,69.06,29.8130,24360.21,7266.90,30402.81,3161.50,22508.69,,
2018-05-09,7.67,2697.79,71.14,29.8040,24542.54,7339.91,30536.14,3159.15,22408.88,,
2018-05-10,7.29,2723.07,71.36,29.8840,24739.53,7404.97,30809.22,3174.41,22497.18,,
2018-05-11,7.05,2727.72,70.70,29.7020,24831.17,7402.88,31122.06,3163.26,22758.48,,
2018-05-14,6.73,2730.13,70.96,29.6680,24899.41,7411.32,31541.08,3174.03,22865.86,,
2018-05-15,6.8,2711.45,71.31,29.7940,24706.41,7351.63,31152.03,3192.12,22818.02,,
2018-05-16,7.09,2722.46,71.49,29.8850,24768.93,7398.30,31110.20,3169.56,22717.23,,
2018-05-17,6.83,2720.13,71.49,29.8090,24713.98,7382.47,30942.15,3154.28,22838.37,,
2018-05-18,6.7,2712.97,71.28,29.8950,24715.09,7354.34,31047.91,3193.30,22930.36,,
2018-05-21,6.58,2733.01,72.24,29.9260,25013.29,7394.04,31234.35,3213.84,23002.37,,
2018-05-22,6.59,2724.44,72.13,29.9190,24834.41,7378.46,31234.35,3214.35,22960.34,,
2018-05-23,6.71,2733.29,71.84,29.8330,24886.81,7425.96,30665.64,3168.96,22689.74,,
2018-05-24,6.59,2727.76,70.71,29.9140,24811.76,7424.43,30760.41,3154.65,22437.01,,
2018-05-25,6.43,2721.33,67.88,29.9120,24753.09,7433.85,30588.04,3141.30,22450.79,,
2018-05-28,6.52,2721.33,67.88,29.9450,24753.09,7433.85,30792.26,3135.08,22481.09,,
2018-05-29,6.69,2689.86,66.73,29.8940,24361.45,7396.59,30484.58,3120.46,22358.43,,
2018-05-30,7.21,2724.01,68.21,30.0600,24667.78,7462.45,30056.79,3041.44,22018.52,,
2018-05-31,7.04,2705.27,67.04,29.8960,24415.84,7442.12,30468.56,3095.47,22201.82,,
2018-06-01,7.07,2734.62,65.81,29.9700,24635.21,7554.33,30492.91,3075.14,22171.35,,
2018-06-04,6.71,2746.87,64.75,29.8040,24813.69,7606.46,30997.98,3091.19,22475.94,,
2018-06-05,6.56,2748.80,65.52,29.6430,24799.98,7637.86,31093.45,3114.21,22539.54,,
2018-06-06,6.37,2772.35,64.73,29.8000,25146.39,7689.24,31259.10,3115.18,22625.73,,
2018-06-07,6.18,2770.37,65.95,29.6770,25241.41,7635.07,31512.63,3109.50,22823.26,,
2018-06-08,6.32,2779.03,65.74,29.7570,25316.53,7645.51,30958.21,3067.15,22694.50,,
2018-06-11,6.31,2782.00,66.10,29.8360,25322.31,7659.93,31063.70,3052.78,22804.04,,
2018-06-12,6.15,2786.85,66.36,29.8160,25320.73,7703.79,31103.06,3079.80,22878.35,,
2018-06-13,6.09,2775.63,66.64,29.8010,25201.20,7695.70,30725.15,3049.80,22966.38,,
2018-06-14,6.26,2782.49,66.89,29.8060,25175.31,7761.04,30440.17,3044.16,22738.61,,
2018-06-15,6.1,2779.66,65.06,29.8790,25090.48,7746.38,30309.49,3021.90,22851.75,,
2018-06-19,6.46,2762.59,65.07,30.1590,24700.21,7725.59,29468.15,2907.82,22278.48,,
2018-06-20,6.17,2767.32,66.22,30.1760,24657.80,7781.51,29696.17,2915.73,22555.43,,
2018-06-21,6.12,2749.76,65.54,30.1620,24461.70,7712.95,29296.05,2875.81,22693.04,,
2018-06-22,6.46,2754.88,68.58,30.3190,24580.89,7692.82,29338.70,2889.76,22516.83,,
2018-06-25,6.6,2717.07,68.08,30.2980,24252.80,7532.01,28961.39,2859.34,22338.15,,
2018-06-26,6.89,2723.06,70.53,30.3420,24283.11,7561.63,28881.40,2844.51,22342.00,,
2018-06-27,7.09,2699.63,72.76,30.4070,24117.59,7445.08,28356.26,2813.18,22271.77,,
2018-06-28,7.28,2716.31,73.45,30.4930,24216.05,7503.68,28497.32,2786.90,22270.39,,
2018-06-29,7.08,2718.37,74.15,30.5690,24271.41,7510.30,28955.11,2847.42,22304.51,,
2018-07-02,7.33,2726.71,73.94,30.4640,24307.18,7567.69,28955.11,2775.56,21811.93,,
2018-07-03,7.2,2713.22,73.94,30.5350,24174.82,7502.67,28545.57,2786.89,21785.54,,
2018-07-04,7.2,2713.22,73.94,30.5110,24174.82,7502.67,28241.67,2759.13,21717.04,,
2018-07-05,7.27,2736.61,72.94,30.5070,24356.74,7586.43,28182.09,2733.88,21546.99,,
2018-07-06,6.91,2759.82,73.80,30.5090,24456.48,7688.39,28315.62,2747.23,21788.14,,
2018-07-09,6.48,2784.17,73.85,30.4280,24776.59,7756.20,28688.50,2815.11,22052.18,,
2018-07-10,6.25,2793.84,74.11,30.3090,24919.66,7759.20,28682.25,2827.63,22196.89,,
2018-07-11,6.46,2774.02,70.38,30.4000,24700.45,7716.61,28311.69,2777.77,21932.21,,
2018-07-12,6.29,2798.29,70.33,30.6450,24924.89,7823.92,28480.83,2837.66,22187.96,,
2018-07-13,6.18,2801.31,71.01,30.4790,25019.41,7825.98,28525.44,2831.18,22597.35,,
2018-07-16,6.07,2798.43,68.06,30.5660,25064.36,7805.72,28539.66,2814.04,22597.35,,
2018-07-17,6.1,2809.55,68.08,30.4700,25119.89,7855.12,28181.68,2798.13,22697.36,,
2018-07-18,5.98,2815.62,68.76,30.4850,25199.29,7854.44,28117.42,2787.26,22794.19,,
2018-07-19,5.97,2804.49,69.46,30.5600,25064.50,7825.30,28010.86,2772.54,22764.68,,
2018-07-20,6.09,2801.83,70.46,30.6700,25058.12,7820.20,28224.48,2829.27,22697.88,,
2018-07-23,6.16,2806.98,67.89,30.5710,25044.29,7841.87,28256.12,2859.54,22396.99,,
2018-07-24,5.96,2820.40,68.52,30.5700,25241.94,7840.77,28662.57,2905.56,22510.48,,
2018-07-25,6.04,2846.07,69.30,30.6190,25414.10,7932.24,28920.90,2903.65,22614.25,,
2018-07-26,6.01,2837.44,69.61,30.3980,25527.07,7852.18,28781.14,2882.23,22586.87,,
2018-07-27,5.92,2818.82,68.69,30.6030,25451.06,7737.42,28804.28,2873.59,22712.75,,
2018-07-30,6.13,2802.60,70.13,30.5550,25306.83,7630.00,28733.13,2869.05,22544.84,,
2018-07-31,6.2,2816.29,68.76,30.5720,25415.19,7671.79,28583.01,2876.40,22553.72,,
2018-08-01,6.1,2813.36,67.66,30.5710,25333.82,7707.29,28340.74,2824.53,22746.70,,
2018-08-02,6.15,2827.22,68.96,30.6210,25326.16,7802.69,27714.56,2768.02,22512.53,,
2018-08-03,5.98,2840.35,68.49,30.6680,25462.58,7812.01,27676.32,2740.44,22525.18,,
2018-08-06,5.87,2850.40,69.01,30.5730,25502.18,7859.68,27819.56,2705.16,22507.32,,
2018-08-07,5.68,2858.45,69.17,30.5720,25628.91,7883.66,28248.88,2779.37,22662.74,,
2018-08-08,5.53,2857.70,66.94,30.4670,25583.75,7888.33,28359.14,2744.07,22644.31,,
2018-08-09,5.52,2853.58,66.81,30.5730,25509.23,7891.78,28607.30,2794.38,22598.39,,
2018-08-10,5.66,2833.28,67.63,30.5920,25313.14,7839.11,28366.62,2795.31,22298.08,,
2018-08-13,6.0,2821.93,67.20,30.7310,25187.70,7819.71,27936.57,2785.87,21857.43,,
2018-08-14,5.98,2839.96,67.04,30.8480,25299.92,7870.89,27752.93,2780.97,22356.08,,
2018-08-15,5.96,2818.37,65.01,30.8100,25162.41,7774.12,27323.59,2723.26,22204.22,,
2018-08-16,5.96,2840.69,65.46,30.8260,25558.73,7806.52,27100.06,2705.19,22192.04,,
2018-08-17,5.9,2850.13,65.91,30.7440,25669.32,7816.33,27213.41,2668.97,22270.38,,
2018-08-20,5.7,2857.05,66.43,30.6550,25758.69,7821.01,27598.02,2698.47,22199.00,,
2018-08-21,5.63,2862.96,67.35,30.7060,25822.29,7859.17,27752.79,2733.83,22219.73,,
2018-08-22,5.83,2861.82,67.86,30.6310,25733.60,7889.10,27927.58,2714.61,22362.55,,
2018-08-23,5.66,2856.98,67.83,30.6670,25656.98,7878.46,27790.46,2724.62,22410.82,,
2018-08-24,5.61,2874.69,68.72,30.8130,25790.35,7945.98,27671.87,2729.43,22601.77,,
2018-08-27,5.54,2896.74,68.87,30.6600,26049.64,8017.90,28271.27,2780.90,22799.64,,
2018-08-28,5.59,2897.52,68.53,30.6770,26064.02,8030.04,28351.62,2777.98,22813.47,,
2018-08-29,5.6,2914.04,69.51,30.5890,26124.57,8109.69,28416.44,2769.29,22848.22,,
2018-08-30,5.62,2901.13,70.25,30.6120,25986.92,8088.36,28164.05,2737.74,22869.50,,
2018-08-31,5.71,2901.52,69.80,30.6830,25964.82,8109.54,27888.55,2725.25,22865.15,,
2018-09-03,5.63,2901.52,69.80,30.6690,25964.82,8109.54,27712.54,2720.73,22707.38,,
2018-09-04,5.57,2896.72,69.87,30.7300,25952.48,8091.25,27973.34,2750.58,22696.90,,
2018-09-05,5.68,2888.60,68.72,30.7140,25974.99,7995.17,27243.85,2704.34,22580.83,,
2018-09-06,5.73,2878.05,67.77,30.7280,25995.87,7922.73,26974.82,2691.59,22487.94,,
2018-09-07,5.92,2871.68,67.75,30.7840,25916.54,7902.54,26973.47,2702.30,22307.06,,
2018-09-10,5.94,2877.13,67.54,30.8050,25857.07,7924.16,26613.42,2669.49,22373.09,,
2018-09-11,5.76,2887.89,69.25,30.7820,25971.06,7972.47,26422.55,2664.80,22664.69,,
2018-09-12,5.65,2888.92,70.37,30.7420,25998.92,7954.23,26345.04,2656.11,22604.61,,
2018-09-13,5.6,2904.18,68.59,30.7180,26145.99,8013.71,27014.49,2686.58,22821.32,,
2018-09-14,5.42,2904.98,68.99,30.6970,26154.67,8010.04,27286.41,2681.64,23094.67,,
2018-09-17,5.37,2888.80,68.91,30.7570,26062.12,7895.79,26932.85,2651.79,23094.67,,
2018-09-18,5.49,2904.31,69.85,30.7990,26246.96,7956.11,27084.66,2699.95,23420.54,,
2018-09-19,5.4,2907.95,71.12,30.7190,26405.76,7950.04,27407.37,2730.85,23672.52,,
2018-09-20,5.29,2930.75,70.80,30.6700,26656.98,8028.23,27477.67,2729.24,23674.93,,
2018-09-21,5.17,2929.67,70.78,30.7110,26743.50,7986.96,27953.58,2797.49,23869.93,,
2018-09-25,5.17,2915.56,72.28,30.6670,26492.21,8007.47,27953.58,2781.14,23940.26,,
2018-09-26,5.13,2905.97,71.57,30.5910,26385.28,7990.37,27816.87,2806.81,24033.79,,
2018-09-27,5.23,2914.00,72.12,30.5910,26439.93,8041.97,27715.67,2791.77,23796.74,,
2018-09-28,5.17,2913.98,73.25,30.5210,26458.31,8046.35,27788.52,2821.35,24120.04,,
2018-10-01,5.04,2924.59,75.30,30.4470,26651.21,8037.30,27788.52,2821.35,24245.76,,
2018-10-02,5.12,2923.43,75.23,30.5500,26773.94,7999.55,27126.38,2821.35,24270.62,,
2018-10-03,5.09,2925.51,76.41,30.6420,26828.39,8025.09,27091.26,2821.35,24110.96,,
2018-10-04,5.19,2901.61,74.33,30.7310,26627.48,7879.51,26623.87,2821.35,23975.62,,
2018-10-05,5.26,2885.57,74.34,30.8090,26447.05,7788.45,26572.57,2821.35,23783.72,,
2018-10-08,5.43,2884.43,74.29,30.9010,26486.78,7735.95,26202.57,2716.51,23783.72,,
2018-10-09,5.55,2880.34,74.96,30.9530,26430.57,7738.02,26172.91,2721.01,23469.39,,
2018-10-11,6.87,2728.37,70.97,31.0690,25052.83,7329.06,25266.37,2583.46,22590.86,,
2018-10-12,6.36,2767.13,71.34,30.9430,25339.99,7496.89,25801.49,2606.91,22694.66,,
2018-10-15,6.66,2750.79,71.78,30.8920,25250.55,7430.74,25445.06,2568.10,22271.30,,
2018-10-16,6.6,2809.92,71.92,30.8250,25798.42,7645.49,25462.26,2546.33,22549.24,,
2018-10-17,6.19,2809.21,69.75,30.7680,25706.68,7642.70,25462.26,2561.61,22841.12,,
2018-10-18,6.32,2768.78,68.65,30.8020,25379.45,7485.14,25454.55,2486.42,22658.16,,
2018-10-19,6.52,2767.78,69.12,30.9470,25444.34,7449.03,25561.40,2550.47,22532.08,,
2018-10-22,6.62,2755.88,69.17,30.8850,25317.41,7468.63,26153.15,2654.88,22614.82,,
2018-10-23,6.95,2740.69,66.43,30.8450,25191.43,7437.54,25346.55,2594.83,22010.78,,
2018-10-24,6.87,2656.10,66.82,30.9380,24583.42,7108.40,25249.78,2603.29,22091.18,,
2018-10-25,7.42,2705.57,67.33,30.9050,24984.55,7318.34,24994.46,2603.80,21268.73,,
2018-10-26,7.72,2658.69,67.59,30.8810,24688.31,7167.21,24717.63,2598.85,21184.60,,
2018-10-29,7.56,2641.25,67.04,30.9630,24442.92,7050.29,24812.04,2542.10,21149.80,,
2018-10-30,7.53,2682.63,66.18,30.8970,24874.64,7161.65,24585.53,2568.05,21457.29,,
2018-10-31,7.42,2711.74,65.31,30.8580,25115.76,7305.90,24979.69,2602.78,21920.46,,
2018-11-01,7.28,2740.37,63.69,30.9310,25380.74,7434.06,25416.00,2606.24,21687.65,,
2018-11-02,6.94,2723.06,63.14,30.6200,25270.83,7356.99,26486.35,2676.48,22243.66,,
2018-11-05,7.15,2738.31,63.10,30.5920,25461.70,7328.85,25934.39,2665.43,21898.99,,
2018-11-06,6.98,2755.45,62.21,30.6950,25635.01,7375.96,26120.96,2659.36,22147.75,,
2018-11-07,6.57,2813.89,61.67,30.6820,26180.30,7570.75,26147.69,2641.34,22085.80,,
2018-11-08,6.25,2806.83,60.67,30.5690,26191.22,7530.88,26227.72,2635.63,22486.92,,
2018-11-09,6.28,2781.01,60.19,30.6140,25989.30,7406.90,25601.92,2598.87,22250.25,,
2018-11-12,6.32,2726.22,59.93,30.7740,25387.18,7200.87,25633.18,2630.52,22269.88,,
2018-11-13,6.76,2722.18,55.69,30.8890,25286.49,7200.87,25792.87,2654.88,21810.52,,
2018-11-14,6.95,2701.58,56.25,30.7660,25080.50,7136.39,25654.43,2632.24,21846.48,,
2018-11-15,7.15,2730.20,56.46,30.7640,25289.27,7259.03,26103.34,2668.17,21803.62,,
2018-11-16,7.11,2736.27,56.46,30.7880,25413.22,7247.87,26183.53,2679.11,21680.34,,
2018-11-19,6.8,2690.73,56.76,30.7700,25017.44,7028.48,26372.00,2703.51,21821.16,,
2018-11-20,7.17,2641.89,53.43,30.8800,24465.64,6908.82,25840.34,2645.85,21583.12,,
2018-11-21,7.42,2649.93,54.63,30.9410,24464.69,6972.25,25971.47,2651.50,21507.54,,
2018-11-22,7.4,2649.93,54.63,30.8480,24464.69,6972.25,26019.41,2645.43,21646.55,,
2018-11-23,7.48,2632.56,54.63,30.7960,24285.95,6938.98,25927.68,2579.48,21646.55,,
2018-11-26,7.34,2673.45,51.63,30.9050,24640.24,7081.85,26376.18,2575.81,21812.00,,
2018-11-27,7.04,2682.17,51.56,30.8520,24748.73,7082.70,26331.96,2574.68,21952.40,,
2018-11-28,6.87,2743.79,50.29,30.8960,25366.43,7291.59,26682.56,2601.74,22177.02,,
2018-11-29,6.83,2737.80,51.45,30.7220,25338.84,7273.08,26451.03,2567.44,22262.60,,
2018-11-30,6.84,2760.17,50.93,30.6420,25538.46,7330.54,26506.75,2588.19,22351.06,,
2018-12-03,6.16,2790.37,52.95,30.8320,25826.43,7441.51,27182.04,2654.80,22574.76,,
2018-12-04,6.4,2700.06,53.25,30.5610,25027.07,7158.43,27260.44,2665.96,22036.05,,
2018-12-05,6.91,2700.06,53.25,30.7500,25027.07,7158.43,26819.68,2649.80,21919.33,,
2018-12-06,7.4,2695.95,51.49,30.7080,24947.67,7188.26,26156.38,2605.18,21501.62,,
2018-12-07,7.29,2633.08,52.61,30.8200,24388.95,6969.25,26063.76,2605.89,21678.68,,
2018-12-10,7.87,2637.72,51.00,30.9200,24423.26,7020.52,25752.38,2584.58,21219.50,,
2018-12-11,7.7,2636.78,51.65,30.8670,24370.24,7031.83,25771.67,2594.09,21148.02,,
2018-12-12,7.51,2651.07,51.15,30.7540,24527.27,7098.31,26186.71,2602.15,21602.75,,
2018-12-13,7.54,2650.54,52.58,30.6740,24597.38,7070.33,26524.35,2634.05,21816.19,,
2018-12-14,7.68,2599.95,51.20,30.7160,24100.51,6910.66,26094.79,2593.74,21374.83,,
2018-12-17,7.65,2545.94,49.88,30.8250,23592.98,6753.73,26087.98,2597.97,21506.88,,
2018-12-18,8.03,2546.16,46.24,30.7240,23675.64,6783.91,25814.25,2576.65,21115.45,,
2018-12-19,8.03,2506.96,47.20,30.6700,23323.66,6636.83,25865.39,2549.56,20987.92,,
2018-12-20,8.41,2467.42,45.88,30.8160,22859.60,6528.41,25623.53,2536.27,20392.58,,
2018-12-21,8.49,2416.62,45.59,30.7110,22445.37,6332.99,25753.42,2516.25,20166.19,,
2018-12-22,8.85,2416.62,45.59,30.7110,22445.37,6332.99,25753.42,2516.25,20166.19,,
2018-12-24,8.85,2351.10,45.59,30.7950,21792.20,6192.92,25651.38,2527.01,20166.19,,
2018-12-25,9.5,2351.10,45.59,30.7900,21792.20,6192.92,25651.38,2504.82,19155.74,,
2018-12-26,9.75,2467.70,46.22,30.7990,22878.45,6554.36,25651.38,2498.29,19327.06,,
2018-12-27,9.03,2488.83,44.61,30.8060,23138.82,6579.49,25478.88,2483.09,20077.62,,
2018-12-28,9.29,2485.74,45.33,30.7670,23062.40,6584.52,25504.20,2493.90,20014.77,,
2019-01-02,9.25,2510.03,46.54,30.5010,23346.24,6665.94,25130.35,2465.29,20014.77,,
2019-01-03,9.14,2447.89,47.09,30.7590,22686.22,6463.50,25064.36,2464.36,20014.77,,
2019-01-04,9.02,2531.94,47.96,30.8630,23433.16,6738.86,25626.03,2514.87,19561.96,,
2019-01-07,8.36,2549.69,48.52,30.7830,23531.35,6823.47,25835.70,2533.09,20038.97,,
2019-01-08,8.18,2574.41,49.78,30.8030,23787.45,6897.00,25875.45,2526.46,20204.04,,
2019-01-09,8.03,2584.96,52.36,30.8160,23879.12,6957.08,26462.32,2544.34,20427.06,,
2019-01-10,8.1,2596.64,52.59,30.7110,24001.92,6986.07,26521.43,2535.10,20163.80,,
2019-01-11,7.9,2596.26,51.59,30.7790,23995.95,6971.48,26667.27,2553.83,20359.70,,
2019-01-14,7.81,2582.61,50.51,30.7860,23909.84,6905.92,26298.33,2535.76,20359.70,,
2019-01-15,7.5,2610.30,52.11,30.8340,24065.59,7023.83,26830.29,2570.34,20555.29,,
2019-01-16,7.32,2616.10,52.31,30.8280,24207.16,7034.69,26902.10,2570.42,20442.75,,
2019-01-17,7.5,2635.96,52.07,30.7650,24370.10,7084.46,26755.63,2559.64,20402.27,,
2019-01-18,7.28,2670.71,53.80,30.8270,24706.35,7157.23,27090.81,2596.01,20666.07,,
2019-01-21,7.23,2670.71,53.80,30.8530,24706.35,7157.23,27196.54,2610.51,20719.33,,
2019-01-22,7.28,2632.90,52.57,30.8760,24404.48,7020.36,27005.45,2579.70,20622.91,,
2019-01-23,7.68,2638.70,52.62,30.8770,24575.62,7025.77,27008.20,2581.00,20593.72,,
2019-01-24,7.64,2642.33,53.13,30.8580,24553.24,7073.46,27120.98,2591.69,20574.63,,
2019-01-25,7.36,2664.76,53.69,30.8740,24737.20,7164.86,27569.19,2601.72,20773.56,,
2019-01-28,7.24,2643.85,51.99,30.7080,24528.22,7085.68,27576.96,2596.98,20649.00,,
2019-01-29,7.51,2640.00,53.31,30.7880,24579.96,7028.29,27531.68,2594.25,20664.64,,
2019-01-30,7.4,2681.05,54.23,30.7810,25014.86,7183.08,27642.85,2575.58,20556.54,,
2019-02-11,6.9,2709.80,52.41,30.8200,25053.11,7307.90,28143.84,2653.90,20556.54,,
2019-02-12,6.52,2744.73,53.10,30.8770,25425.76,7414.62,28171.33,2671.89,20864.21,,
2019-02-13,6.41,2753.03,53.90,30.7920,25543.27,7420.38,28497.59,2721.07,21144.48,,
2019-02-14,6.43,2745.73,54.41,30.8520,25439.39,7426.95,28432.05,2719.70,21139.71,,
2019-02-15,6.66,2775.60,55.59,30.8210,25883.25,7472.41,27900.84,2682.39,20900.63,,
2019-02-18,6.33,2775.60,55.59,30.8120,25883.25,7472.41,28347.01,2754.36,21281.85,,
2019-02-19,6.38,2779.76,56.09,30.8180,25891.32,7486.77,28228.13,2755.65,21302.65,,
2019-02-20,6.3,2784.70,56.92,30.7790,25954.44,7489.07,28514.05,2761.22,21431.49,,
2019-02-21,6.06,2774.88,56.96,30.7920,25850.63,7459.71,28629.92,2751.80,21464.23,,
2019-02-22,6.17,2792.67,57.26,30.7990,26031.81,7527.54,28816.30,2804.23,21425.51,,
2019-02-25,5.96,2796.11,55.48,30.7470,26091.95,7554.46,28959.30,2961.28,21528.23,,
2019-02-26,6.18,2793.90,55.50,30.7350,26057.98,7549.30,28772.06,2941.52,21449.39,,
2019-02-27,6.18,2792.38,56.94,30.7530,25985.16,7554.51,28757.44,2953.82,21556.51,,
2019-03-04,5.98,2792.81,56.59,30.8370,25819.65,7577.57,28959.59,3027.58,21822.04,,
2019-03-05,6.12,2789.65,56.56,30.8380,25806.63,7576.36,28961.60,3054.25,21726.28,,
2019-03-06,6.14,2771.45,56.22,30.8300,25673.46,7505.92,29037.60,3102.10,21596.81,,
2019-03-07,6.32,2748.93,56.66,30.8290,25473.23,7421.46,28779.45,3106.42,21456.01,,
2019-03-08,6.36,2743.07,56.07,30.9070,25450.24,7408.14,28228.42,2969.86,21025.56,,
2019-03-11,6.29,2783.30,56.79,30.8910,25650.88,7558.06,28503.30,3026.99,21125.09,,
2019-03-12,6.01,2791.52,56.87,30.9120,25554.66,7591.03,28920.87,3060.31,21503.69,,
2019-03-13,6.02,2810.92,58.26,30.8870,25702.89,7643.41,28807.45,3026.95,21290.24,,
2019-03-14,6.01,2808.48,58.61,30.8960,25709.94,7630.91,28851.39,2990.69,21287.02,,
2019-03-15,5.99,2822.48,58.52,30.9130,25848.87,7688.53,29012.26,3021.75,21450.85,,
2019-03-18,5.99,2832.94,59.09,30.8890,25914.10,7714.48,29409.01,3096.42,21584.50,,
2019-03-19,6.0,2832.57,59.03,30.7650,25887.38,7723.95,29466.28,3090.98,21566.85,,
2019-03-20,6.05,2824.23,59.83,30.7900,25745.67,7728.97,29320.97,3090.64,21608.92,,
2019-03-21,5.99,2854.88,59.98,30.7450,25962.51,7838.96,29071.56,3101.46,21608.92,,
2019-03-22,5.85,2800.71,59.04,30.7930,25502.32,7642.67,29113.36,3104.15,21627.34,,
2019-03-25,6.24,2798.36,58.82,30.8680,25516.83,7637.54,28523.35,3043.03,20977.11,,
2019-03-26,6.07,2818.46,59.94,30.8160,25657.73,7691.52,28566.91,2997.09,21428.39,,
2019-03-27,5.88,2805.37,59.41,30.8390,25625.59,7643.38,28728.25,3022.72,21378.73,,
2019-03-28,6.01,2815.44,59.30,30.8820,25717.46,7669.17,28775.21,2994.94,21033.76,,
2019-03-29,5.87,2834.40,60.14,30.8510,25928.68,7729.32,29051.36,3090.76,21205.81,,
2019-04-01,5.72,2867.19,61.59,30.8390,26258.42,7828.91,29562.02,3170.36,21509.03,,
2019-04-02,5.67,2867.24,62.58,30.8170,26179.13,7848.69,29624.67,3176.82,21505.31,,
2019-04-03,5.59,2873.40,62.46,30.8290,26218.13,7895.55,29986.39,3216.29,21713.21,,
2019-04-08,5.46,2895.77,64.40,30.7890,26341.02,7953.88,30077.15,3244.81,21761.65,,
2019-04-09,5.39,2878.20,63.98,30.8080,26150.58,7909.28,30157.49,3239.66,21802.59,,
2019-04-10,5.52,2888.21,64.61,30.8170,26157.16,7964.24,30119.56,3241.93,21687.57,,
2019-04-11,5.42,2888.32,63.58,30.8380,26143.05,7947.36,29839.45,3189.96,21711.38,,
2019-04-12,5.27,2907.41,63.89,30.8520,26412.30,7984.16,29909.76,3188.63,21870.56,,
2019-04-15,5.09,2905.58,63.40,30.8300,26384.77,7976.01,29810.72,3177.79,22169.11,,
2019-04-16,5.04,2907.06,64.05,30.8540,26452.66,8000.23,30129.87,3253.60,22221.66,,
2019-04-17,5.07,2900.45,63.76,30.8630,26449.54,7996.08,30124.68,3263.12,22277.97,,
2019-04-18,5.25,2905.03,64.00,30.7620,26559.54,7998.06,29963.26,3250.20,22090.12,,
2019-04-19,5.15,2905.03,64.00,30.8200,26559.54,7998.06,29963.26,3270.80,22200.56,,
2019-04-22,5.18,2907.97,65.70,30.8070,26511.05,8015.27,29963.26,3215.04,22217.90,,
2019-04-23,5.1,2933.68,66.30,30.8400,26656.39,8120.82,29963.24,3198.59,22259.74,,
2019-04-24,5.12,2927.25,65.89,30.8540,26597.05,8102.01,29805.83,3201.61,22200.00,,
2019-04-25,5.1,2926.17,65.21,30.9240,26462.08,8118.68,29549.80,3123.83,22307.58,,
2019-04-26,5.16,2939.88,63.30,30.9230,26543.33,8146.40,29605.01,3086.40,22258.73,,
2019-04-29,5.01,2943.03,63.50,30.9020,26554.39,8161.85,29892.81,3086.40,22258.73,,
2019-04-30,5.05,2945.83,63.91,30.8920,26592.91,8095.39,29699.11,3086.40,22258.73,,
2019-05-02,5.17,2917.52,61.81,30.9070,26307.79,8036.77,29944.18,3086.40,22258.73,,
2019-05-03,5.14,2945.64,61.94,30.8900,26504.95,8164.00,30081.55,3086.40,22258.73,,
2019-05-06,5.5,2932.47,62.25,30.8950,26438.48,8123.29,29209.82,2906.46,22258.73,,
2019-05-07,5.34,2884.05,61.40,30.9100,25965.09,7963.76,29363.02,2926.39,21923.72,,
2019-05-08,5.66,2879.42,62.12,30.9370,25967.33,7943.32,29003.20,2893.76,21602.59,,
2019-05-09,5.86,2870.72,61.70,30.9450,25828.36,7910.59,28311.07,2850.95,21402.13,,
2019-05-10,5.83,2881.40,61.66,31.0020,25942.37,7916.94,28550.24,2939.21,21344.92,,
2019-05-13,5.67,2811.87,61.04,30.9370,25324.99,7647.02,28550.24,2903.71,21191.28,,
2019-05-14,5.9,2834.41,61.78,31.1050,25532.05,7734.49,28122.02,2883.61,21067.23,,
2019-05-15,5.75,2850.96,62.02,31.1390,25648.02,7822.15,28268.71,2938.68,21188.56,,
2019-05-16,5.73,2876.32,62.87,31.0780,25862.68,7898.05,28275.07,2955.71,21062.98,,
2019-05-17,5.5,2859.53,62.76,31.1860,25764.00,7816.28,27946.46,2882.30,21250.09,,
2019-05-20,5.43,2840.23,63.10,31.3660,25679.90,7702.38,27787.61,2870.60,21301.73,,
2019-05-21,5.41,2864.36,62.99,31.3800,25877.33,7785.72,27657.24,2905.97,21272.45,,
2019-05-22,5.32,2856.27,61.42,31.3800,25776.61,7750.84,27705.94,2891.71,21283.37,,
2019-05-23,5.38,2822.24,57.91,31.4530,25490.47,7628.28,27267.13,2852.51,21151.14,,
2019-05-24,5.47,2826.06,58.63,31.5140,25585.69,7637.01,27353.93,2853.00,21117.22,,
2019-05-27,5.46,2826.06,58.63,31.4710,25585.69,7637.01,27288.09,2892.38,21182.58,,
2019-05-28,5.4,2802.39,59.14,31.4530,25347.77,7607.35,27390.81,2909.91,21260.14,,
2019-05-29,5.62,2783.02,58.81,31.5470,25126.41,7547.31,27235.71,2914.70,21003.37,,
2019-05-30,5.66,2788.86,56.59,31.6160,25169.88,7567.72,27114.88,2905.80,20942.53,,
2019-05-31,5.84,2752.06,53.50,31.5770,24815.04,7453.15,26901.09,2898.70,20601.19,,
2019-06-03,5.89,2744.45,53.25,31.5220,24819.78,7333.02,26893.86,2890.08,20410.88,,
2019-06-04,5.77,2803.27,53.48,31.3760,25332.18,7527.12,26761.52,2862.28,20408.54,,
2019-06-05,5.52,2826.15,51.68,31.3260,25539.57,7575.48,26895.44,2861.42,20776.10,,
2019-06-06,5.47,2843.49,52.59,31.2990,25720.66,7615.55,26965.28,2827.80,20774.04,,
2019-06-10,5.38,2886.73,53.26,31.3540,26062.68,7823.17,27578.64,2852.13,21134.42,,
2019-06-11,5.34,2885.72,53.27,31.3860,26048.51,7822.57,27789.34,2925.72,21204.28,,
2019-06-12,5.41,2879.84,51.14,31.3630,26004.83,7792.72,27308.46,2909.38,21129.72,,
2019-06-13,5.39,2891.64,52.28,31.4270,26106.77,7837.13,27294.71,2910.74,21032.00,,
2019-06-14,5.35,2886.98,52.51,31.4680,26089.61,7796.66,27118.35,2881.97,21116.89,,
2019-06-17,5.27,2889.67,51.93,31.4930,26112.53,7845.02,27227.16,2887.62,21124.00,,
2019-06-18,5.26,2917.75,53.90,31.4760,26465.54,7953.88,27498.77,2890.16,20972.71,,
2019-06-19,5.18,2926.46,53.76,31.2650,26504.00,7987.32,28202.14,2917.80,21333.87,,
2019-06-20,5.03,2954.18,56.65,31.1100,26753.17,8051.34,28550.43,2987.12,21462.86,,
2019-06-21,5.15,2950.46,57.43,30.8750,26719.13,8031.71,28473.71,3001.98,21258.64,,
2019-06-24,5.09,2945.35,57.90,30.9450,26727.54,8005.70,28513.00,3008.15,21285.99,,
2019-06-25,5.21,2917.38,57.83,30.8360,26548.22,7884.72,28185.98,2982.07,21193.81,,
2019-06-26,5.19,2913.78,59.38,30.9700,26536.82,7909.97,28221.98,2976.28,21086.59,,
2019-06-27,5.15,2924.92,59.43,30.9250,26526.58,7967.76,28621.42,2996.79,21338.17,,
2019-06-28,5.13,2941.76,58.47,30.8890,26599.96,8006.24,28542.62,2978.88,21275.92,,
2019-07-01,4.92,2964.33,59.09,30.8790,26717.43,8091.16,28542.62,3044.90,21729.97,,
2019-07-02,4.94,2973.01,56.25,30.9530,26786.68,8109.09,28875.56,3043.94,21754.27,,
2019-07-03,4.91,2995.82,56.25,30.9680,26966.00,8170.23,28855.14,3015.26,21638.16,,
2019-07-04,4.87,2995.82,56.25,31.0560,26966.00,8170.23,28795.77,3005.25,21702.45,,
2019-07-05,4.85,2990.41,57.51,31.0130,26922.12,8161.79,28774.83,3011.06,21746.38,,
2019-07-08,4.96,2975.95,57.66,31.1690,26806.14,8098.38,28331.69,2933.36,21534.35,,
2019-07-09,4.97,2979.63,57.83,31.1600,26783.49,8141.73,28116.28,2928.23,21565.15,,
2019-07-10,4.93,2993.07,60.43,31.1290,26860.20,8202.53,28204.69,2915.30,21533.48,,
2019-07-11,4.87,2999.91,60.20,31.0350,27088.08,8196.04,28431.80,2917.76,21643.53,,
2019-07-12,4.9,3013.77,60.21,30.9610,27332.03,8244.14,28471.62,2930.55,21685.90,,
2019-07-15,4.86,3014.30,59.58,31.0520,27359.16,8258.19,28554.88,2942.19,21685.90,,
2019-07-16,4.89,3004.04,57.62,30.9820,27335.63,8222.80,28619.62,2937.62,21535.25,,
2019-07-17,4.91,2984.42,56.78,31.0030,27219.85,8185.21,28593.17,2931.69,21469.18,,
2019-07-18,4.96,2995.11,55.30,31.0010,27222.97,8207.24,28461.66,2901.18,21046.24,,
2019-07-19,4.82,2976.61,55.63,30.9000,27154.20,8146.49,28765.40,2924.20,21466.99,,
2019-07-22,4.84,2985.03,56.22,31.0320,27171.90,8204.14,28371.26,2886.97,21416.79,,
2019-07-23,4.79,3005.47,56.77,31.0440,27349.19,8251.40,28466.48,2899.94,21620.88,,
2019-07-24,4.67,3019.56,55.88,31.0100,27269.97,8321.50,28524.04,2923.28,21709.57,,
2019-07-25,4.53,3003.67,56.02,31.0920,27140.98,8238.54,28594.30,2937.36,21756.55,,
2019-07-26,4.56,3025.86,56.20,31.0120,27192.45,8330.21,28397.74,2944.54,21658.15,,
2019-07-29,4.55,3020.97,56.87,31.0820,27221.35,8293.33,28106.41,2941.01,21616.80,,
2019-07-30,4.53,3013.18,58.05,31.0270,27198.02,8273.61,28146.50,2952.34,21709.31,,
2019-07-31,4.67,2980.38,58.58,31.0230,26864.27,8175.42,27777.75,2932.51,21521.53,,
2019-08-01,4.86,2953.56,53.95,31.1470,26583.42,8111.12,27565.70,2908.77,21540.99,,
2019-08-02,5.01,2932.05,55.66,31.3070,26485.01,8004.07,26918.58,2867.84,21087.16,,
2019-08-05,5.29,2844.74,54.69,31.4500,25717.74,7726.04,26151.32,2821.50,20720.29,,
2019-08-06,5.5,2881.77,53.63,31.6940,26029.52,7833.27,25976.24,2777.56,20585.31,,
2019-08-07,5.57,2883.98,51.09,31.4270,26007.07,7862.83,25997.03,2768.68,20516.56,,
2019-08-08,5.32,2938.09,52.54,31.4210,26378.19,8039.16,26120.77,2794.55,20593.35,,
2019-08-12,5.26,2882.70,54.93,31.3660,25896.44,7863.41,25824.72,2814.99,20593.35,,
2019-08-13,5.58,2926.32,57.10,31.4280,26279.91,8016.36,25281.30,2797.26,20455.44,,
2019-08-14,5.29,2840.60,55.23,31.0940,25479.42,7773.94,25302.28,2808.91,20655.13,,
2019-08-15,5.64,2847.60,54.47,31.3580,25579.39,7766.62,25495.46,2815.80,20405.65,,
2019-08-16,5.65,2888.68,54.87,31.2280,25886.01,7895.99,25734.22,2823.82,20418.81,,
2019-08-19,5.37,2923.65,56.21,31.3010,26135.79,8002.81,26291.84,2883.10,20563.16,,
2019-08-20,5.18,2900.51,56.34,31.3500,25962.44,7948.56,26231.54,2880.00,20677.22,,
2019-08-21,5.2,2924.43,55.68,31.3120,26202.73,8020.21,26270.04,2880.33,20618.57,,
2019-08-22,5.1,2922.95,55.35,31.2820,26252.24,7991.39,26048.72,2883.44,20628.01,,
2019-08-23,5.11,2847.11,54.17,31.3020,25628.90,7751.77,26179.33,2897.43,20710.91,,
2019-08-26,5.64,2878.38,53.64,31.4190,25898.83,7853.74,25680.33,2863.57,20261.04,,
2019-08-27,5.53,2869.16,54.93,31.3740,25777.90,7826.95,25664.07,2902.19,20456.08,,
2019-08-28,5.56,2887.94,55.78,31.3280,26036.10,7856.88,25615.48,2893.76,20479.42,,
2019-08-29,5.56,2924.58,56.71,31.4040,26362.25,7973.39,25703.50,2890.92,20460.93,,
2019-08-30,5.31,2926.46,55.10,31.2710,26403.28,7962.88,25724.73,2886.24,20704.37,,
2019-09-02,5.38,2926.46,55.10,31.3330,26403.28,7962.88,25626.55,2924.11,20620.19,,
2019-09-03,5.44,2906.27,53.94,31.3610,26118.02,7874.16,25527.85,2930.15,20625.16,,
2019-09-04,5.36,2937.78,56.26,31.3510,26355.47,7976.88,26523.23,2957.41,20649.14,,
2019-09-05,5.1,2976.00,56.30,31.1680,26728.15,8116.83,26515.53,2985.86,21085.94,,
2019-09-06,5.1,2978.71,56.52,31.1700,26797.46,8103.07,26690.76,2999.60,21199.57,,
2019-09-09,4.96,2978.43,57.85,31.1810,26835.51,8087.44,26681.40,3024.74,21318.42,,
2019-09-10,5.0,2979.39,57.40,31.1750,26909.43,8084.16,26683.68,3021.20,21392.10,,
2019-09-11,4.94,3000.93,55.75,31.0850,27137.04,8169.68,27159.06,3008.81,21597.76,,
2019-09-12,4.87,3009.57,55.09,31.0350,27182.45,8194.47,27087.63,3031.24,21759.61,,
2019-09-16,4.88,2997.96,62.90,30.9150,27076.82,8153.54,27124.55,3030.75,21759.61,,
2019-09-17,4.9,3005.70,59.34,30.8870,27110.80,8186.02,26790.24,2978.12,22001.32,,
2019-09-18,4.89,3006.73,58.11,30.8490,27147.08,8177.39,26754.12,2985.66,21960.71,,
2019-09-19,4.85,3006.79,58.13,30.9620,27094.79,8182.88,26468.95,2999.28,22044.45,,
2019-09-20,4.82,2992.07,58.09,30.8650,26935.07,8117.67,26435.67,3006.45,22079.09,,
2019-09-23,4.85,2991.78,58.64,30.9870,26949.99,8112.46,26222.40,2977.08,22079.09,,
2019-09-24,4.84,2966.60,57.29,30.9400,26807.77,7993.63,26281.00,2985.34,22098.84,,
2019-09-25,4.96,2984.87,56.49,30.9250,26970.71,8077.38,25945.35,2955.43,22020.15,,
2019-09-26,4.96,2977.62,56.41,30.9470,26891.12,8030.66,26041.93,2929.09,22048.24,,
2019-09-27,4.96,2961.79,55.91,30.9300,26820.25,7939.63,25954.81,2932.17,21878.90,,
2019-10-01,4.87,2940.25,53.62,31.0340,26573.04,7908.68,25954.81,2932.17,21885.24,,
2019-10-02,5.0,2887.61,52.64,31.0240,26078.62,7785.25,26042.69,2932.17,21778.61,,
2019-10-03,5.2,2910.63,52.45,31.0550,26201.04,7872.26,26110.31,2932.17,21341.74,,
2019-10-04,5.11,2952.01,52.81,30.9150,26573.72,7982.47,25821.03,2932.17,21410.20,,
2019-10-07,5.01,2938.79,52.75,30.8480,26478.02,7956.29,25821.03,2932.17,21375.25,,
2019-10-08,4.96,2893.06,52.63,30.7860,26164.04,7823.78,25893.40,2913.57,21587.78,,
2019-10-09,5.17,2919.40,52.59,30.7400,26346.01,7903.74,25682.81,2924.86,21456.38,,
2019-10-14,4.85,2966.15,53.59,30.6260,26787.36,8048.65,26521.85,3007.88,21456.38,,
2019-10-15,4.81,2995.68,52.81,30.5940,27024.80,8148.71,26503.93,2991.05,22207.21,,
2019-10-16,4.82,2989.69,53.36,30.4810,27001.98,8124.18,26664.28,2978.71,22472.92,,
2019-10-17,4.79,2997.95,53.93,30.5100,27025.88,8156.85,26848.49,2977.33,22451.86,,
2019-10-18,4.81,2986.20,53.78,30.6070,26770.20,8089.54,26719.58,2938.14,22492.68,,
2019-10-21,4.79,3006.72,53.31,30.5370,26827.64,8162.99,26725.68,2939.62,22548.90,,
2019-10-22,4.72,2995.99,54.16,30.5190,26788.10,8104.30,26786.20,2954.38,22548.90,,
2019-10-23,4.79,3004.52,55.97,30.4600,26833.95,8119.79,26566.73,2941.62,22625.38,,
2019-10-24,4.74,3010.29,56.23,30.5740,26805.53,8185.80,26797.95,2940.92,22750.60,,
2019-10-25,4.68,3022.55,56.66,30.4930,26958.06,8243.12,26667.39,2954.93,22799.81,,
2019-10-28,4.63,3039.42,55.81,30.5620,27090.72,8325.99,26891.26,2980.05,22867.27,,
2019-10-29,4.69,3036.89,55.54,30.5270,27071.46,8276.85,26786.76,2954.18,22974.13,,
2019-10-30,4.73,3046.77,55.06,30.3990,27186.69,8303.98,26667.71,2939.32,22843.12,,
2019-10-31,4.74,3037.56,54.18,30.2150,27046.23,8292.36,26906.72,2929.06,22927.04,,
2019-11-01,4.7,3066.91,56.20,30.4840,27347.36,8386.40,27100.76,2958.20,22850.77,,
2019-11-04,4.65,3078.27,56.54,30.4350,27462.11,8433.20,27547.30,2975.49,22850.77,,
2019-11-05,4.63,3074.62,57.23,30.3270,27492.63,8434.68,27683.40,2991.56,23251.99,,
2019-11-06,4.72,3076.78,56.35,30.3100,27492.56,8410.63,27688.64,2978.60,23303.82,,
2019-11-07,4.71,3085.18,57.15,30.3710,27674.80,8434.52,27847.23,2978.71,23330.32,,
2019-11-08,4.64,3093.08,57.24,30.2470,27681.24,8475.31,27651.14,2964.18,23391.87,,
2019-11-11,4.67,3087.01,56.86,30.3810,27691.49,8464.28,26926.55,2909.97,23331.84,,
2019-11-12,4.61,3091.84,56.80,30.4120,27691.49,8486.09,27065.28,2914.82,23520.01,,
2019-11-13,4.65,3094.04,57.12,30.3800,27783.59,8482.10,26571.46,2905.24,23319.87,,
2019-11-14,4.62,3096.63,56.77,30.4590,27781.96,8479.02,26323.69,2909.87,23141.55,,
2019-11-15,4.52,3120.46,57.72,30.4310,28004.89,8540.83,26326.66,2891.34,23303.32,,
2019-11-18,4.1,3122.03,57.05,30.4900,28036.22,8549.94,26681.09,2909.20,23416.76,,
2019-11-18,4.1,3122.03,57.05,30.4900,28036.22,8549.94,26681.09,2909.20,23416.76,,
2019-11-18,4.1,3122.03,57.05,30.4900,28036.22,8549.94,26681.09,2909.20,23416.76,,
2019-11-18,4.1,3122.03,57.05,30.4900,28036.22,8549.94,26681.09,2909.20,23416.76,,
2019-11-18,4.1,3122.03,57.05,30.4900,28036.22,8549.94,26681.09,2909.20,23416.76,,
2019-11-18,4.1,3122.03,57.05,30.4900,28036.22,8549.94,26681.09,2909.20,23416.76,,
2019-11-18,4.1,3122.03,57.05,30.4900,28036.22,8549.94,26681.09,2909.20,23416.76,,
2019-11-18,4.1,3122.03,57.05,30.4900,28036.22,8549.94,26681.09,2909.20,23416.76,,
2019-11-18,4.1,3122.03,57.05,30.4900,28036.22,8549.94,26681.09,2909.20,23416.76,,
2019-11-18,4.1,3122.03,57.05,30.4900,28036.22,8549.94,26681.09,2909.20,23416.76,,
2019-11-18,4.1,3122.03,57.05,30.4900,28036.22,8549.94,26681.09,2909.20,23416.76,,
2019-11-18,4.1,3122.03,57.05,30.4900,28036.22,8549.94,26681.09,2909.20,23416.76,,
2019-11-18,4.1,3122.03,57.05,30.4900,28036.22,8549.94,26681.09,2909.20,23416.76,,
2019-11-18,4.1,3122.03,57.05,30.4900,28036.22,8549.94,26681.09,2909.20,23416.76,,
2019-11-18,4.1,3122.03,57.05,30.4900,28036.22,8549.94,26681.09,2909.20,23416.76,,
2019-11-18,4.1,3122.03,57.05,30.4900,28036.22,8549.94,26681.09,2909.20,23416.76,,
2019-11-18,4.1,3122.03,57.05,30.4900,28036.22,8549.94,26681.09,2909.20,23416.76,,
2019-11-18,4.1,3122.03,57.05,30.4900,28036.22,8549.94,26681.09,2909.20,23416.76,,
2019-11-18,4.1,3122.03,57.05,30.4900,28036.22,8549.94,26681.09,2909.20,23416.76,,
2019-11-18,4.1,3122.03,57.05,30.4900,28036.22,8549.94,26681.09,2909.20,23416.76,,
2019-11-18,4.1,3122.03,57.05,30.4900,28036.22,8549.94,26681.09,2909.20,23416.76,,
2019-11-18,4.1,3122.03,57.05,30.4900,28036.22,8549.94,26681.09,2909.20,23416.76,,
2019-11-18,4.1,3122.03,57.05,30.4900,28036.22,8549.94,26681.09,2909.20,23416.76,,
2019-11-18,4.1,3122.03,57.05,30.4900,28036.22,8549.94,26681.09,2909.20,23416.76,,
2019-11-18,4.1,3122.03,57.05,30.4900,28036.22,8549.94,26681.09,2909.20,23416.76,,
2019-11-18,4.1,3122.03,57.05,30.4900,28036.22,8549.94,26681.09,2909.20,23416.76,,
2019-11-18,4.1,3122.03,57.05,30.4900,28036.22,8549.94,26681.09,2909.20,23416.76,,
2019-11-18,4.1,3122.03,57.05,30.4900,28036.22,8549.94,26681.09,2909.20,23416.76,,
2019-11-18,4.1,3122.03,57.05,30.4900,28036.22,8549.94,26681.09,2909.20,23416.76,,
2019-11-18,4.1,3122.03,57.05,30.4900,28036.22,8549.94,26681.09,2909.20,23416.76,,
2019-11-18,4.1,3122.03,57.05,30.4900,28036.22,8549.94,26681.09,2909.20,23416.76,,
2019-11-18,4.1,3122.03,57.05,30.4900,28036.22,8549.94,26681.09,2909.20,23416.76,,
2019-11-19,3.48,3120.18,55.21,30.4390,27934.02,8570.66,27093.80,2933.99,23292.65,,
2019-11-20,3.67,3108.46,57.11,30.4350,27821.09,8526.73,26889.61,2911.05,23148.57,,
2019-11-21,3.64,3103.54,58.58,30.4480,27766.29,8506.21,26466.88,2903.64,23038.58,,
2019-11-22,3.69,3110.29,57.77,30.4470,27875.62,8519.88,26595.08,2885.29,23112.88,,
2019-11-25,3.54,3133.64,58.01,30.5590,28066.47,8632.49,26993.04,2906.17,23292.81,,
2019-11-26,3.37,3140.52,58.41,30.4510,28121.68,8647.93,26913.92,2907.06,23373.32,,
2019-11-27,3.14,3153.63,58.11,30.4400,28164.00,8705.18,26954.00,2903.19,23437.77,,
2019-11-28,3.21,3153.63,58.11,30.4620,28164.00,8705.18,26893.73,2889.69,23409.14,,
2019-11-29,3.26,3140.98,58.11,30.4240,28051.41,8665.47,26346.49,2871.98,23293.91,,
2019-12-02,3.14,3113.87,55.96,30.5290,27783.04,8567.99,26444.72,2875.81,23529.50,,
2019-12-03,3.35,3093.20,56.10,30.4340,27502.81,8520.64,26391.30,2884.70,23379.81,,
2019-12-04,3.53,3112.76,58.43,30.4450,27649.78,8566.67,26062.56,2878.12,23135.23,,
2019-12-05,3.39,3117.43,58.43,30.4680,27677.79,8570.70,26217.04,2899.47,23300.09,,
2019-12-06,3.35,3145.91,59.20,30.4140,28015.06,8656.53,26498.37,2912.01,23354.40,,
2019-12-09,3.27,3135.96,59.02,30.4220,27909.60,8621.83,26494.73,2914.48,23430.70,,
2019-12-10,3.37,3132.52,59.24,30.3970,27881.72,8616.18,26436.62,2917.32,23410.19,,
2019-12-11,3.37,3141.63,58.76,30.4520,27911.30,8654.05,26645.43,2924.42,23391.86,,
2019-12-12,3.3,3168.57,59.18,30.3450,28132.05,8717.32,26994.14,2915.70,23424.81,,
2019-12-13,3.14,3168.80,60.07,30.1870,28135.38,8734.88,27687.76,2967.68,24023.10,,
2019-12-16,2.97,3191.45,60.21,30.2200,28235.89,8814.23,27508.09,2984.39,23952.35,,
2019-12-17,2.88,3192.52,60.94,30.0970,28267.16,8823.36,27843.71,3022.42,24066.12,,
2019-12-18,2.92,3191.14,60.93,30.0180,28239.28,8827.74,27884.21,3017.04,23934.43,,
2019-12-19,2.97,3205.37,61.22,30.0350,28376.96,8887.22,27800.49,3017.04,23864.85,,
2019-12-20,2.89,3221.22,60.44,30.1490,28455.09,8924.96,27871.35,3004.94,23816.63,,
2019-12-23,2.87,3224.01,60.52,30.1250,28551.53,8945.65,27906.41,2962.75,23821.11,,
2019-12-24,2.89,3223.38,60.52,30.1390,28515.45,8952.88,27864.21,2982.68,23830.58,,
2019-12-25,2.8,3223.38,60.52,30.0000,28515.45,8952.88,27864.21,2981.88,23782.87,,
2019-12-26,2.8,3239.91,61.68,29.9000,28621.39,9022.39,27864.21,3007.35,23924.92,,
2019-12-27,2.79,3240.02,61.72,30.0760,28645.26,9006.62,28225.42,3005.04,23837.72,,
2019-12-30,2.87,3221.29,61.68,30.0830,28462.14,8945.99,28319.39,3040.02,23656.62,,
2019-12-31,2.97,3230.78,61.06,30.0740,28538.44,8972.60,28189.75,3050.12,23656.62,27.0,27.0
2020-01-02,2.82,3257.85,61.18,29.8440,28868.80,9092.19,28543.52,3085.20,23656.62,27.0,0.0
2020-01-03,2.93,3234.85,63.05,29.9000,28634.88,9020.77,28451.50,3083.79,23656.62,44.0,17.0
2020-01-06,3.0,3246.28,63.27,30.0350,28703.38,9071.47,28226.19,3083.41,23204.86,59.0,0.0
2020-01-07,2.88,3237.18,62.70,30.0470,28583.68,9068.58,28322.06,3104.80,23575.72,59.0,0.0
2020-01-08,3.01,3253.05,59.61,29.9850,28745.09,9129.24,28087.92,3066.89,23204.76,59.0,0.0
2020-01-09,2.81,3274.70,59.56,30.0100,28956.90,9203.43,28561.00,3094.88,23739.87,59.0,0.0
2020-01-10,2.7,3265.35,59.04,29.9430,28823.77,9178.86,28638.20,3092.29,23850.57,59.0,0.0
2020-01-13,2.65,3288.13,58.08,29.9620,28907.05,9273.93,28954.94,3115.57,23850.57,60.0,1.0
2020-01-14,2.58,3283.15,58.23,29.8740,28939.67,9251.33,28885.14,3106.82,24025.17,60.0,0.0
2020-01-15,2.64,3289.29,57.81,29.8260,29030.22,9258.70,28773.59,3090.04,23916.58,61.0,1.0
2020-01-16,2.53,3316.81,58.52,29.9330,29297.64,9357.13,28883.04,3074.08,23933.13,61.0,0.0
2020-01-17,2.46,3329.62,58.54,29.8990,29348.10,9388.94,29056.42,3075.50,24041.26,66.0,5.0
2020-01-20,2.45,3329.62,58.54,29.9500,29348.10,9388.94,28795.91,3095.79,24083.51,239.0,20.0
2020-01-30,2.88,3283.66,52.14,30.0910,28859.44,9298.93,26449.13,3095.79,22977.75,7823.0,1756.0
2020-01-31,2.72,3225.52,51.56,30.2050,28256.03,9150.94,26312.63,3095.79,23205.18,9826.0,2003.0
2020-02-03,2.88,3248.92,50.11,30.3460,28399.81,9273.40,26356.98,2746.61,22971.94,17372.0,2818.0
2020-02-04,2.85,3297.59,49.61,30.2400,28807.63,9467.97,26675.98,2783.29,23084.59,20615.0,3243.0
2020-02-05,2.79,3334.69,50.75,30.0280,29290.85,9508.68,26786.74,2818.09,23319.56,24522.0,3907.0
2020-02-06,2.59,3345.78,50.95,29.9510,29379.77,9572.15,27493.70,2866.51,23873.59,28273.0,3751.0
2020-02-07,2.68,3327.71,50.32,30.0300,29102.51,9520.51,27404.27,2875.96,23827.98,31491.0,3218.0
2020-02-10,2.66,3352.09,49.57,30.1770,29276.82,9628.39,27241.34,2890.49,23685.98,40540.0,2988.0
2020-02-11,2.58,3357.75,49.94,30.0260,29276.34,9638.94,27583.88,2901.67,23685.98,43105.0,2565.0
2020-02-12,2.58,3379.45,51.17,29.9490,29551.42,9725.96,27823.66,2926.90,23861.21,45177.0,2072.0
2020-02-13,2.55,3373.94,51.42,29.9100,29423.31,9711.97,27730.00,2906.07,23827.73,60328.0,15151.0
2020-02-14,2.51,3380.16,52.05,29.9850,29398.08,9731.18,27815.60,2917.01,23687.59,64543.0,4215.0
2020-02-17,2.47,3380.16,52.05,30.0150,29398.08,9731.18,27959.60,2983.62,23523.24,71332.0,2067.0
2020-02-17,2.47,3380.16,52.05,30.0150,29398.08,9731.18,27959.60,2983.62,23523.24,71332.0,2067.0
2020-02-17,2.47,3380.16,52.05,30.0150,29398.08,9731.18,27959.60,2983.62,23523.24,71332.0,2067.0
2020-02-17,2.47,3380.16,52.05,30.0150,29398.08,9731.18,27959.60,2983.62,23523.24,71332.0,2067.0
2020-02-17,2.47,3380.16,52.05,30.0150,29398.08,9731.18,27959.60,2983.62,23523.24,71332.0,2067.0
2020-02-17,2.47,3380.16,52.05,30.0150,29398.08,9731.18,27959.60,2983.62,23523.24,71332.0,2067.0
2020-02-17,2.47,3380.16,52.05,30.0150,29398.08,9731.18,27959.60,2983.62,23523.24,71332.0,2067.0
2020-02-17,2.47,3380.16,52.05,30.0150,29398.08,9731.18,27959.60,2983.62,23523.24,71332.0,2067.0
2020-02-18,2.55,3370.29,52.05,30.0160,29232.19,9732.74,27530.20,2984.97,23193.80,73327.0,1995.0
2020-02-19,2.51,3386.15,53.29,30.0550,29348.03,9817.18,27655.81,2975.40,23400.70,75191.0,1864.0
2020-02-20,2.55,3373.23,53.78,30.1710,29219.98,9750.97,27609.16,3030.15,23479.15,75723.0,532.0
2020-02-21,2.67,3337.75,53.38,30.2250,28992.41,9576.59,27308.81,3039.67,23386.74,76719.0,996.0
2020-02-24,2.97,3225.89,51.43,30.3870,27960.80,9221.28,26820.88,3031.23,23386.74,79339.0,527.0
2020-02-25,3.05,3128.21,49.90,30.3420,27081.36,8965.61,26893.23,3013.05,22605.41,80132.0,793.0
2020-02-26,3.44,3116.39,48.73,30.4130,26957.59,8980.78,26696.49,2987.93,22426.19,80997.0,865.0
2020-02-27,3.68,2978.76,46.80,30.2080,25766.64,8566.48,26778.62,2991.33,21948.23,82106.0,1109.0
2020-03-02,4.06,3090.23,44.76,30.1240,26703.32,8952.17,26291.68,2970.93,21344.08,89121.0,2079.0
2020-03-03,4.14,3003.37,46.75,29.8050,25917.41,8684.09,26284.82,2992.90,21082.73,90943.0,1822.0
2020-03-04,4.32,3130.12,47.18,29.7700,27090.86,9018.09,26222.07,3011.67,21100.06,93193.0,2250.0
2020-03-05,4.39,3023.94,46.78,29.7500,26121.28,8738.59,26767.87,3071.68,21329.12,95464.0,2271.0
2020-03-06,5.19,2972.37,45.90,29.8840,25864.78,8575.62,26146.67,3034.51,20749.75,98442.0,2978.0
2020-03-09,6.71,2746.56,41.28,29.9010,23851.02,7950.68,25040.46,2943.29,19698.76,110633.0,4145.0
2020-03-10,5.64,2882.23,31.13,29.9850,25018.16,8344.25,25392.51,2996.76,19867.12,115331.0,4698.0
2020-03-11,6.71,2741.38,34.36,29.7400,23553.22,7952.05,25231.61,2968.52,19416.06,120250.0,4919.0
2020-03-12,7.65,2480.64,32.98,30.0690,21200.62,7201.80,24309.07,2923.49,18559.63,127785.0,7535.0
2020-03-13,8.23,2711.02,32.93,29.9480,23185.62,7874.88,24032.91,2887.43,17431.05,136806.0,9021.0
2020-03-16,9.27,2386.13,31.73,30.1070,20188.52,6904.59,23063.57,2789.25,17002.04,171165.0,12357.0
2020-03-17,9.42,2529.19,28.70,30.2360,21237.38,7334.78,23263.73,2779.64,17011.53,184905.0,13740.0
2020-03-18,11.3,2398.10,27.33,30.0300,19898.92,6989.84,22291.82,2728.76,16726.55,201363.0,16458.0
2020-03-19,14.2,2409.39,20.83,30.1250,20087.19,7150.58,21709.13,2702.13,16552.83,221172.0,19809.0
2020-03-20,11.18,2304.92,25.91,30.3210,19173.98,6879.52,22805.07,2745.62,16552.83,251542.0,30370.0
2020-03-23,12.0,2237.40,24.49,30.2690,18591.93,6860.67,21696.13,2660.17,16887.78,350942.0,34000.0
2020-03-24,8.03,2447.33,24.49,30.2160,20704.91,7417.86,22663.49,2722.44,18092.35,393837.0,42895.0
2020-03-25,8.37,2475.56,24.19,30.1450,21200.55,7384.30,23527.19,2781.59,19546.63,434723.0,40886.0
2020-03-26,9.43,2630.07,23.00,30.2530,22552.17,7797.54,23352.34,2764.91,18664.60,486947.0,52224.0
2020-03-27,9.1,2541.47,21.84,30.1310,21636.78,7502.38,23484.28,2772.20,19389.43,547297.0,60350.0
2020-03-30,8.94,2626.65,20.46,30.1670,22327.48,7774.15,23175.11,2747.21,19084.97,732707.0,57810.0
2020-03-31,8.94,2584.59,20.24,30.0300,21917.16,7700.10,23603.48,2750.30,18917.01,796268.0,63561.0
2020-04-01,8.75,2470.50,21.20,30.2300,20943.51,7360.58,23085.79,2734.52,18065.41,868867.0,72599.0
2020-04-06,7.59,2663.68,26.80,30.2500,22679.99,7913.24,23749.12,2734.52,18576.30,1257241.0,68935.0
2020-04-07,7.69,2659.41,26.08,30.0800,22653.86,7887.26,24253.29,2820.76,18950.18,1329576.0,72335.0
2020-04-08,7.8,2749.98,26.33,30.0970,23433.57,8090.90,23970.37,2815.37,19353.24,1404566.0,74990.0
2020-04-09,7.83,2789.82,23.19,30.0670,23719.37,8153.58,24300.33,2825.90,19345.77,1489045.0,84479.0
2020-04-10,7.58,2789.82,23.19,30.0670,23719.37,8153.58,24300.33,2796.63,19498.50,1574850.0,85805.0
2020-04-13,7.67,2761.63,22.93,30.0260,23390.77,8192.42,24300.33,2783.05,19043.40,1816194.0,71254.0
2020-04-14,7.01,2846.06,20.86,29.8500,23949.76,8515.74,24435.40,2827.28,19638.81,1882211.0,66017.0
2020-04-15,6.75,2783.36,20.26,30.0210,23504.35,8393.18,24145.34,2811.17,19550.09,1958813.0,76602.0
2020-04-16,7.42,2799.55,19.95,29.9050,23537.68,8532.36,24006.45,2819.94,19290.20,2038561.0,79748.0
2020-04-17,7.05,2874.56,18.12,29.9370,24242.49,8650.14,24380.00,2838.50,19897.26,2121523.0,82962.0
2020-04-20,7.13,2823.16,-2.60,30.0350,23650.44,8560.73,24330.02,2852.55,19669.12,2355301.0,72143.0
2020-04-21,8.0,2736.56,9.06,30.0300,23018.88,8263.23,23793.55,2827.01,19280.78,2431261.0,75960.0
2020-04-22,8.36,2799.31,14.31,30.0960,23475.82,8495.38,23893.36,2843.98,19137.95,2516991.0,85730.0
2020-04-23,8.0,2797.80,17.09,30.0540,23515.26,8494.75,23977.32,2838.50,19429.44,2583279.0,66288.0
2020-04-24,8.18,2836.74,17.18,29.8550,23775.27,8634.52,23831.33,2808.53,19262.00,2660713.0,77434.0
2020-04-27,7.34,2878.48,12.44,30.0790,24133.78,8730.16,24280.14,2815.50,19783.22,2918082.0,83056.0
2020-04-28,7.04,2863.39,13.35,29.9130,24101.55,8607.73,24575.96,2810.02,19771.19,2983864.0,65782.0
2020-04-29,6.85,2939.51,16.01,29.8050,24633.86,8914.71,24643.59,2822.44,19771.19,3055429.0,71565.0
2020-04-30,6.48,2912.43,15.06,29.6300,24345.72,8889.55,24643.59,2860.08,20193.69,3133235.0,77806.0
2020-05-04,7.58,2842.74,19.78,29.8930,23749.76,8710.71,23613.80,2860.08,20193.69,3469241.0,78509.0
2020-05-05,7.17,2868.44,25.87,29.6100,23883.09,8809.12,23868.66,2860.08,20193.69,3546401.0,77160.0
2020-05-06,7.0,2848.42,26.49,29.6250,23664.64,8854.39,24137.48,2878.14,20193.69,3625588.0,79187.0
2020-05-07,7.01,2881.19,23.46,29.9970,23875.89,8979.66,23980.63,2871.52,19674.77,3715414.0,89826.0
2020-05-08,6.62,2929.80,24.63,29.7800,24331.32,9121.32,24230.17,2895.34,20179.09,3809599.0,94185.0
2020-05-11,6.23,2930.19,26.17,29.8400,24221.99,9192.34,24602.06,2894.80,20390.66,4066883.0,76989.0
2020-05-12,6.09,2870.12,25.16,29.8920,23764.78,9002.55,24245.68,2891.56,20366.48,4137915.0,71032.0
2020-05-13,6.53,2820.00,25.57,29.7880,23247.97,8863.17,24180.30,2898.05,20267.05,4223701.0,85786.0
2020-05-14,7.17,2852.50,27.73,29.8920,23625.34,8943.72,23829.74,2870.34,19914.78,4309652.0,85951.0
2020-05-15,6.83,2863.70,29.65,29.8760,23685.42,9014.56,23797.47,2868.46,20037.47,4406317.0,96665.0
2020-05-18,6.52,2953.91,33.23,29.9540,24597.37,9234.83,23934.77,2875.42,20133.73,4679764.0,81218.0
2020-05-19,6.24,2953.91,33.23,29.9400,24597.37,9234.83,23934.77,2875.42,20433.45,4766468.0,86704.0
